FREQ,FREQ_LABEL,REF_AREA,REF_AREA_LABEL,INDICATOR,INDICATOR_LABEL,UNIT_MEASURE,UNIT_MEASURE_LABEL,DATABASE_ID,DATABASE_ID_LABEL,UNIT_MULT,UNIT_MULT_LABEL,OBS_STATUS,OBS_STATUS_LABEL,OBS_CONF,OBS_CONF_LABEL,1970,1972,1973,1974,1975,1976,1977,1978,1979,1980,1981,1982,1983,1984,1985,1986,1987,1988,1989,1990,1991,1992,1993,1994,1995,1996,1997,1998,1999,2000,2001,2002,2003,2004,2005,2006,2007,2008,2009,2010,2011,2012,2013,2014,2015,2016,2017,2018,2019,2020,2021,2022
A,Annual,ABW,Aruba,WB_GS_SE_ADT_1524_LT_FM_ZS,"Literacy rate, gender parity index (youth ages 15-24)",RO,Ratio,WB_GS,Gender Statistics,0,Units,A,Normal value,PU,Public,,,,,,,,,,,,,,,,,,,,,,,,,,,,,,1.00286996364594,,,,,,,,,,1.00360000133514,,,,,,,,,,0.997789978981018,,
A,Annual,AFE,Africa Eastern and Southern,WB_GS_SE_ADT_1524_LT_FM_ZS,"Literacy rate, gender parity index (youth ages 15-24)",RO,Ratio,WB_GS,Gender Statistics,0,Units,A,Normal value,PU,Public,,,,,,,,,,,,,,,,,0.832260012626648,0.838660001754761,0.843819975852966,0.851530015468597,0.855610013008118,0.859099984169006,0.867120027542114,0.874580025672913,0.877129971981049,0.88687002658844,0.89766001701355,0.896440029144287,0.896420001983643,0.90504002571106,0.915059983730316,0.871209979057312,0.877910017967224,0.884720027446747,0.88630998134613,0.868990004062653,0.883159995079041,0.883180022239685,0.889490008354187,0.897210001945496,0.920080006122589,0.928250014781952,0.936249971389771,0.943080008029938,0.949129998683929,0.957849979400635,0.968649983406067,0.973609983921051,0.978250026702881,0.981230020523071,0.986829996109009,0.991199970245361
A,Annual,AFG,Afghanistan,WB_GS_SE_ADT_1524_LT_FM_ZS,"Literacy rate, gender parity index (youth ages 15-24)",RO,Ratio,WB_GS,Gender Statistics,0,Units,A,Normal value,PU,Public,,,,,,,,,0.243310004472733,,,,,,,,,,,,,,,,,,,,,,,,,,,,,,,,0.518970012664795,,,,0.360323369503021,,,,,,0.583819985389709,
A,Annual,AFW,Africa Western and Central,WB_GS_SE_ADT_1524_LT_FM_ZS,"Literacy rate, gender parity index (youth ages 15-24)",RO,Ratio,WB_GS,Gender Statistics,0,Units,A,Normal value,PU,Public,,,,,,,,,,,,,,,0.682869970798492,0.684679985046387,0.694440007209778,0.702329993247986,0.712310016155243,0.723269999027252,0.732309997081757,0.744880020618439,0.755320012569427,0.765940010547638,0.773490011692047,0.784579992294312,0.794130027294159,0.797680020332336,0.805769979953766,0.729149997234344,0.74115002155304,0.753109991550446,0.767059981822968,0.772560000419617,0.773919999599457,0.832780003547668,0.766969978809357,0.775929987430573,0.770359992980957,0.781949996948242,0.791459977626801,0.796490013599396,0.798269987106323,0.808040022850037,0.817539989948273,0.82779997587204,0.831740021705627,0.845189988613129,0.845480024814606,0.84536999464035,0.847039997577667,0.847959995269775
A,Annual,AGO,Angola,WB_GS_SE_ADT_1524_LT_FM_ZS,"Literacy rate, gender parity index (youth ages 15-24)",RO,Ratio,WB_GS,Gender Statistics,0,Units,A,Normal value,PU,Public,,,,,,,,,,,,,,,,,,,,,,,,,,,,,,,0.754170000553131,,,,,,,,,,,,,0.831759989261627,,,,,,,,0.939459979534149
A,Annual,ALB,Albania,WB_GS_SE_ADT_1524_LT_FM_ZS,"Literacy rate, gender parity index (youth ages 15-24)",RO,Ratio,WB_GS,Gender Statistics,0,Units,A,Normal value,PU,Public,,,,,,,,,,,,,,,,,,,,,,,,,,,,,,,1.00129997730255,,,,,,,1.00589001178741,1.01852810382843,,1.00126004219055,0.9964200258255,,,,,1.0004016160965,,,,,1.00801002979279
A,Annual,ARB,Arab World,WB_GS_SE_ADT_1524_LT_FM_ZS,"Literacy rate, gender parity index (youth ages 15-24)",RO,Ratio,WB_GS,Gender Statistics,0,Units,A,Normal value,PU,Public,,,,,,,,0.681259989738464,0.68725997209549,0.695930004119873,0.704970002174377,0.714399993419647,0.713530004024506,0.725589990615845,0.737030029296875,0.74769002199173,0.757189989089966,0.767319977283478,0.777040004730225,0.78711998462677,0.793039977550507,0.802519977092743,0.791429996490479,0.80155998468399,0.810670018196106,0.822260022163391,0.832629978656769,0.84333997964859,0.854219973087311,0.864149987697601,0.873189985752106,0.883469998836517,0.87024998664856,0.879159986972809,0.88442999124527,0.90064001083374,0.906599998474121,0.911360025405884,0.899569988250732,0.903819978237152,0.907419979572296,0.921140015125275,0.927160024642944,0.936649978160858,0.934239983558655,0.939520001411438,0.945129990577698,0.939339995384216,0.941860020160675,0.9444500207901,0.946900010108948,0.949199974536896
A,Annual,ARE,United Arab Emirates,WB_GS_SE_ADT_1524_LT_FM_ZS,"Literacy rate, gender parity index (youth ages 15-24)",RO,Ratio,WB_GS,Gender Statistics,0,Units,A,Normal value,PU,Public,,,,,0.859040021896362,,,,,,,,,,1.04141998291016,,,,,,,,,,,,,,,,,,,,1.03480994701385,,,,,,,,,,,,,,1.01476001739502,,0.99864000082016,0.998279988765717
A,Annual,ARG,Argentina,WB_GS_SE_ADT_1524_LT_FM_ZS,"Literacy rate, gender parity index (youth ages 15-24)",RO,Ratio,WB_GS,Gender Statistics,0,Units,A,Normal value,PU,Public,,,,,,,,,,1.00866997241974,,,,,,,,,,,1.00481998920441,,,,,,,,,,1.00423002243042,,,,,,,,,,,,,,,,,,,,,
A,Annual,ARM,Armenia,WB_GS_SE_ADT_1524_LT_FM_ZS,"Literacy rate, gender parity index (youth ages 15-24)",RO,Ratio,WB_GS,Gender Statistics,0,Units,A,Normal value,PU,Public,,,,,,,,,,,,,,,,,,,1.00001001358032,,,,,,,,,,,1.0,1.00109004974365,,,,,,,,,,1.00057995319366,,,,,1.00057995319366,1.00053000450134,,,1.00045001506805,,
A,Annual,ASM,American Samoa,WB_GS_SE_ADT_1524_LT_FM_ZS,"Literacy rate, gender parity index (youth ages 15-24)",RO,Ratio,WB_GS,Gender Statistics,0,Units,A,Normal value,PU,Public,,,,,,,,,,0.995450019836426,,,,,,,,,,,,,,,,,,,,,,,,,,,,,,,,,,,,,,,,,,
A,Annual,AZE,Azerbaijan,WB_GS_SE_ADT_1524_LT_FM_ZS,"Literacy rate, gender parity index (youth ages 15-24)",RO,Ratio,WB_GS,Gender Statistics,0,Units,A,Normal value,PU,Public,,,,,,,,,,,,,,,,,,,,,,,,,,,,,1.00030994415283,,,,,,,1.0,1.0,,0.999890029430389,0.999660015106201,0.99975997209549,0.999629974365234,0.999499976634979,0.999599993228912,0.999559998512268,0.999539971351624,0.999520003795624,,0.999469995498657,,,
A,Annual,BDI,Burundi,WB_GS_SE_ADT_1524_LT_FM_ZS,"Literacy rate, gender parity index (youth ages 15-24)",RO,Ratio,WB_GS,Gender Statistics,0,Units,A,Normal value,PU,Public,,,,,,,,,0.524940013885498,,,,,,,,,,,0.806940019130707,,,,,,,,,,0.916450023651123,,,,,,,,0.860490024089813,,0.804621279239655,,,,0.878870010375977,,,0.940509974956512,,,,,0.991379976272583
A,Annual,BEN,Benin,WB_GS_SE_ADT_1524_LT_FM_ZS,"Literacy rate, gender parity index (youth ages 15-24)",RO,Ratio,WB_GS,Gender Statistics,0,Units,A,Normal value,PU,Public,,,,,,,,,0.399360001087189,,,,,,,,,,,,,0.484129995107651,,,,,,,,,0.52144730091095,0.56139999628067,,,,0.561110019683838,,,,,,0.640250027179718,,,,,,,,,,0.802990019321442
A,Annual,BFA,Burkina Faso,WB_GS_SE_ADT_1524_LT_FM_ZS,"Literacy rate, gender parity index (youth ages 15-24)",RO,Ratio,WB_GS,Gender Statistics,0,Units,A,Normal value,PU,Public,,,,,0.297809988260269,,,,,,,,,,,,,,,,0.529089987277985,,,,,0.548910021781921,,,,,,,0.646449983119965,,0.655849993228912,0.666320025920868,0.708809971809387,,,0.579081594944,,,,0.771749973297119,,,,0.852630019187927,0.851629972457886,,,0.930169999599457
A,Annual,BGD,Bangladesh,WB_GS_SE_ADT_1524_LT_FM_ZS,"Literacy rate, gender parity index (youth ages 15-24)",RO,Ratio,WB_GS,Gender Statistics,0,Units,A,Normal value,PU,Public,,,,,,,,,,,0.612030029296875,,,,,,,,,,0.73429000377655,,,,,,,,,1.0,0.897149980068207,,,,,,1.19579994678497,,,,1.03948998451233,1.03896999359131,1.0325700044632,1.02140998840332,1.03737998008728,1.02812004089355,1.03005003929138,1.03276002407074,1.02479994297028,1.02811002731323,,
A,Annual,BGR,Bulgaria,WB_GS_SE_ADT_1524_LT_FM_ZS,"Literacy rate, gender parity index (youth ages 15-24)",RO,Ratio,WB_GS,Gender Statistics,0,Units,A,Normal value,PU,Public,,,,,,,,,,,,,,,,,,,,,,,,,,,,,,,0.99796998500824,,,,,,,,,,0.995760023593903,,,,,,,,,,0.995519995689392,
A,Annual,BHR,Bahrain,WB_GS_SE_ADT_1524_LT_FM_ZS,"Literacy rate, gender parity index (youth ages 15-24)",RO,Ratio,WB_GS,Gender Statistics,0,Units,A,Normal value,PU,Public,,,,,,,,,,,0.915120005607605,,,,,,,,,,0.993009984493256,,,,,,,,,,1.00435996055603,,,,,,,,,,1.0,,,,,,,,,,,
A,Annual,BIH,Bosnia and Herzegovina,WB_GS_SE_ADT_1524_LT_FM_ZS,"Literacy rate, gender parity index (youth ages 15-24)",RO,Ratio,WB_GS,Gender Statistics,0,Units,A,Normal value,PU,Public,,,,,,,,,,,,,,,,,,,,,0.994459986686707,,,,,,,,,1.00095999240875,,,,,,,,,,,0.99397999048233,,1.00010001659393,,,,,,,,,1.0
A,Annual,BLR,Belarus,WB_GS_SE_ADT_1524_LT_FM_ZS,"Literacy rate, gender parity index (youth ages 15-24)",RO,Ratio,WB_GS,Gender Statistics,0,Units,A,Normal value,PU,Public,,,,,,,,,,,,,,,,,,,1.00068998336792,,,,,,,,,,1.00071001052856,,,,,,,,,,1.0004700422287,,,1.0,,,,,,,1.00053000450134,,,
A,Annual,BLZ,Belize,WB_GS_SE_ADT_1524_LT_FM_ZS,"Literacy rate, gender parity index (youth ages 15-24)",RO,Ratio,WB_GS,Gender Statistics,0,Units,A,Normal value,PU,Public,,,,,,,,,,,,,,,,,,,,,1.00967001914978,,,,,,,,,,1.02377998828888,,,,,,,,,,,,,,,,,,,,,
A,Annual,BOL,Bolivia,WB_GS_SE_ADT_1524_LT_FM_ZS,"Literacy rate, gender parity index (youth ages 15-24)",RO,Ratio,WB_GS,Gender Statistics,0,Units,A,Normal value,PU,Public,,,,,,0.82914000749588,,,,,,,,,,,,,,,,0.950659990310669,,,,,,,,0.978299975395203,0.982800006866455,0.979700028896332,0.97185081243515,0.990599989891052,0.991599977016449,0.979399979114532,0.993900001049042,0.995899975299835,0.993900001049042,,0.994799971580505,0.996900022029877,0.99669998884201,0.995299994945526,1.00010001659393,0.998399972915649,0.99889999628067,0.996999979019165,0.997300028800964,0.999499976634979,1.00039994716644,
A,Annual,BRA,Brazil,WB_GS_SE_ADT_1524_LT_FM_ZS,"Literacy rate, gender parity index (youth ages 15-24)",RO,Ratio,WB_GS,Gender Statistics,0,Units,A,Normal value,PU,Public,,,,,,,,,,1.03144001960754,,,,,,,,,,,,,,,,,,,,1.03201997280121,1.02300000190735,1.02409994602203,1.02079999446869,1.02209997177124,1.02009999752045,1.01610004901886,1.01549994945526,1.01380002498627,1.01269996166229,1.01629996299744,1.01160001754761,1.00800001621246,1.00989997386932,1.0081000328064,1.00750005245209,1.00759994983673,1.00689995288849,1.00680005550385,1.00720000267029,1.005499958992,1.00419998168945,1.00390994548798
A,Annual,BRB,Barbados,WB_GS_SE_ADT_1524_LT_FM_ZS,"Literacy rate, gender parity index (youth ages 15-24)",RO,Ratio,WB_GS,Gender Statistics,0,Units,A,Normal value,PU,Public,1.00080001354218,,,,,,,,,1.0,,,,,,,,,,,,,,,,,,,,,,,,,,,,,,,,1.0,,,,,,,,,,
A,Annual,BRN,Brunei Darussalam,WB_GS_SE_ADT_1524_LT_FM_ZS,"Literacy rate, gender parity index (youth ages 15-24)",RO,Ratio,WB_GS,Gender Statistics,0,Units,A,Normal value,PU,Public,,,,,,,,,,,0.991230010986328,,,,,,,,,,0.99975997209549,,,,,,,,,,1.00038003921509,,,,,,,,,,1.00347995758057,,,,,,,1.00154995918274,,,1.00119996070862,
A,Annual,BTN,Bhutan,WB_GS_SE_ADT_1524_LT_FM_ZS,"Literacy rate, gender parity index (youth ages 15-24)",RO,Ratio,WB_GS,Gender Statistics,0,Units,A,Normal value,PU,Public,,,,,,,,,,,,,,,,,,,,,,,,,,,,,,,,,,,0.849110007286072,,,,,,,0.909099996089935,,,,,0.995940029621124,,,,,1.0
A,Annual,BWA,Botswana,WB_GS_SE_ADT_1524_LT_FM_ZS,"Literacy rate, gender parity index (youth ages 15-24)",RO,Ratio,WB_GS,Gender Statistics,0,Units,A,Normal value,PU,Public,,,,,,,,,,,,,,,,,,,,,1.06885004043579,,,,,,,,,,,,1.036749958992,,,,,,,,,,1.03413999080658,,,,,,,,,
A,Annual,CAF,Central African Republic,WB_GS_SE_ADT_1524_LT_FM_ZS,"Literacy rate, gender parity index (youth ages 15-24)",RO,Ratio,WB_GS,Gender Statistics,0,Units,A,Normal value,PU,Public,,,,,0.361510008573532,,,,,,,,,,,,,0.557079970836639,,,,,,,,,,,,0.675249993801117,,,,,,,,,,0.552049994468689,,,,,,,,0.600499987602234,0.65741103887558,0.612200021743774,,
A,Annual,CEB,Central Electricity Board (CEB),WB_GS_SE_ADT_1524_LT_FM_ZS,"Literacy rate, gender parity index (youth ages 15-24)",RO,Ratio,WB_GS,Gender Statistics,0,Units,A,Normal value,PU,Public,,,,,,,,,,,0.998989999294281,0.999040007591248,0.999080002307892,0.999189972877502,0.999220013618469,0.999260008335114,0.999300003051758,0.999199986457825,0.999210000038147,0.999260008335114,0.99931001663208,0.999390006065369,0.999480009078979,0.999559998512268,,,,,,,,,,,,,,,,,,,,1.00042998790741,1.00048995018005,1.00054001808167,1.00059998035431,1.00063002109528,1.00065994262695,1.0006799697876,1.00060999393463,1.00059998035431
A,Annual,CHL,Chile,WB_GS_SE_ADT_1524_LT_FM_ZS,"Literacy rate, gender parity index (youth ages 15-24)",RO,Ratio,WB_GS,Gender Statistics,0,Units,A,Normal value,PU,Public,,,,,,,,,,,,1.00961995124817,,,,,,,,,,1.00551998615265,,,,,,,,1.00360000133514,,1.00382995605469,1.00510001182556,,,1.00399994850159,,,1.00339996814728,,1.00399994850159,,1.00080001354218,,1.00170004367828,,1.0,,,,,0.997780025005341
A,Annual,CHN,China,WB_GS_SE_ADT_1524_LT_FM_ZS,"Literacy rate, gender parity index (youth ages 15-24)",RO,Ratio,WB_GS,Gender Statistics,0,Units,A,Normal value,PU,Public,,,,,,,,,,,,0.862309992313385,,,,,,,,0.943059980869293,,,,,,,,,,0.993009984493256,,,,,,,,,,0.999029994010925,,,,,,,,,,1.00010001659393,,
A,Annual,CIV,Cote d'Ivoire,WB_GS_SE_ADT_1524_LT_FM_ZS,"Literacy rate, gender parity index (youth ages 15-24)",RO,Ratio,WB_GS,Gender Statistics,0,Units,A,Normal value,PU,Public,,,,,,,,,,,,,,,,,,0.631479978561401,,,,,,,,,,0.732479989528656,,0.735809981822968,,,,,,,,,,,,0.66430002450943,,0.795610010623932,,,,,0.823239982128143,,,
A,Annual,CMR,Cameroon,WB_GS_SE_ADT_1524_LT_FM_ZS,"Literacy rate, gender parity index (youth ages 15-24)",RO,Ratio,WB_GS,Gender Statistics,0,Units,A,Normal value,PU,Public,,,,,,0.742079973220825,,,,,,,,,,,,,,,,,,,,,,,,0.881699979305267,,,,0.831183254718781,,,0.86651998758316,,,0.894890010356903,0.844569683074951,,,,,,,0.939469993114471,,0.945840001106262,,
A,Annual,COD,"Congo, Dem. Rep.",WB_GS_SE_ADT_1524_LT_FM_ZS,"Literacy rate, gender parity index (youth ages 15-24)",RO,Ratio,WB_GS,Gender Statistics,0,Units,A,Normal value,PU,Public,,,,,,,,,,,,,,,,,,,,,,,,,,,,,,,0.809050023555756,,,,,,0.674600005149841,,,,,0.84196001291275,0.827355206012726,,,0.87635999917984,,,,,,0.940739989280701
A,Annual,COG,"Congo, Rep.",WB_GS_SE_ADT_1524_LT_FM_ZS,"Literacy rate, gender parity index (youth ages 15-24)",RO,Ratio,WB_GS,Gender Statistics,0,Units,A,Normal value,PU,Public,,,,,,,,,,,,,,0.896179974079132,,,,,,,,,,,,,,,,,,,,,0.799350023269653,,,,,,0.898029983043671,,,,,,,,,,0.933210015296936,
A,Annual,COL,Colombia,WB_GS_SE_ADT_1524_LT_FM_ZS,"Literacy rate, gender parity index (youth ages 15-24)",RO,Ratio,WB_GS,Gender Statistics,0,Units,A,Normal value,PU,Public,,,,,,,,,,,,,,,,,,,,,,,1.01699995994568,,,1.01210999488831,,,,,,1.01170003414154,1.01610004901886,1.00880002975464,1.00800001621246,1.00672996044159,1.0095100402832,1.00890004634857,1.01010000705719,1.00849997997284,1.00969994068146,1.00929999351501,1.00979995727539,1.00849997997284,1.00769996643066,1.00730001926422,1.00750005245209,1.00440001487732,1.00670003890991,1.00660002231598,1.00590002536774,
A,Annual,COM,Comoros,WB_GS_SE_ADT_1524_LT_FM_ZS,"Literacy rate, gender parity index (youth ages 15-24)",RO,Ratio,WB_GS,Gender Statistics,0,Units,A,Normal value,PU,Public,,,,,,,,,,0.791530013084412,,,,,,,,,,,,,,,,,,,,0.92383998632431,,,,,,,,,,,,0.942889988422394,,,,,,,,,,1.02586996555328
A,Annual,CPV,Cabo Verde,WB_GS_SE_ADT_1524_LT_FM_ZS,"Literacy rate, gender parity index (youth ages 15-24)",RO,Ratio,WB_GS,Gender Statistics,0,Units,A,Normal value,PU,Public,,,,,,,,,,,,,,,,,,,,0.960709989070892,,,,,,,,,,1.01573002338409,,,,,,,,,,,,1.00534999370575,,,1.01160001754761,,,,,,,1.01007997989655
A,Annual,CRI,Costa Rica,WB_GS_SE_ADT_1524_LT_FM_ZS,"Literacy rate, gender parity index (youth ages 15-24)",RO,Ratio,WB_GS,Gender Statistics,0,Units,A,Normal value,PU,Public,,,,,,,,,,,,,,1.00803005695343,,,,,,,,,,,,,,,,1.00857996940613,,,,,,,,,,,1.00251996517181,,,,,,,1.13388931751251,,,1.00151002407074,
A,Annual,CSS,Caribbean small states,WB_GS_SE_ADT_1524_LT_FM_ZS,"Literacy rate, gender parity index (youth ages 15-24)",RO,Ratio,WB_GS,Gender Statistics,0,Units,A,Normal value,PU,Public,,,,,,,,,,,,,,,,,,,,,,,1.05113005638123,1.05102002620697,1.04882001876831,1.04656994342804,1.04428994655609,1.04223001003265,1.03997004032135,1.03936004638672,1.03841996192932,1.03750002384186,1.0365799665451,1.03568994998932,1.03452003002167,1.03296005725861,1.03246998786926,1.0311199426651,1.02978003025055,,,,,,,,,,,,,
A,Annual,CUB,Cuba,WB_GS_SE_ADT_1524_LT_FM_ZS,"Literacy rate, gender parity index (youth ages 15-24)",RO,Ratio,WB_GS,Gender Statistics,0,Units,A,Normal value,PU,Public,,,,,,,,,,,,,,,,,,,,,,,,,,,,,,,,0.999960005283356,,,,,,,,,,1.00039994716644,,,,,,,,,1.00039994716644,
A,Annual,CYM,Cayman Islands,WB_GS_SE_ADT_1524_LT_FM_ZS,"Literacy rate, gender parity index (youth ages 15-24)",RO,Ratio,WB_GS,Gender Statistics,0,Units,A,Normal value,PU,Public,,,,,,,,,,,,,,,,,,,,,,,,,,,,,,,,,,,,,0.994769990444183,,,,,,,,,,0.994769990444183,,,,,
A,Annual,CYP,Cyprus,WB_GS_SE_ADT_1524_LT_FM_ZS,"Literacy rate, gender parity index (youth ages 15-24)",RO,Ratio,WB_GS,Gender Statistics,0,Units,A,Normal value,PU,Public,,,,,,,,,,,,,,,,,,,,,,1.0008499622345,,,,,,,,,1.00078999996185,,,,,,,,,,1.0003399848938,,,,,,,,,,1.00020003318787,
A,Annual,DOM,Dominican Republic,WB_GS_SE_ADT_1524_LT_FM_ZS,"Literacy rate, gender parity index (youth ages 15-24)",RO,Ratio,WB_GS,Gender Statistics,0,Units,A,Normal value,PU,Public,,,,,,,,,,,1.03193998336792,,,,,,,,,,,,,,,,,,,1.03400003910065,1.02380001544952,1.02779996395111,1.02279996871948,1.01540005207062,1.01189994812012,1.02680003643036,1.00539994239807,1.01870000362396,1.02190005779266,1.01740002632141,1.021399974823,1.01320004463196,1.00680005550385,1.00209999084473,0.999700009822845,1.00709998607635,1.00680005550385,1.01040005683899,1.0081000328064,1.00499999523163,1.00269997119904,0.996070027351379
A,Annual,DZA,Algeria,WB_GS_SE_ADT_1524_LT_FM_ZS,"Literacy rate, gender parity index (youth ages 15-24)",RO,Ratio,WB_GS,Gender Statistics,0,Units,A,Normal value,PU,Public,,,,,,,,,,,,,,,,,0.721459984779358,,,,,,,,,,,,,,,0.915759980678558,,,,0.9444500207901,,0.958150029182434,,,,,,,,,,0.996500015258789,1.23015689849854,,,
A,Annual,EAP,East Asia & Pacific (excluding high income),WB_GS_SE_ADT_1524_LT_FM_ZS,"Literacy rate, gender parity index (youth ages 15-24)",RO,Ratio,WB_GS,Gender Statistics,0,Units,A,Normal value,PU,Public,,,,,,0.805509984493256,0.808459997177124,0.825089991092682,0.842559993267059,0.859809994697571,0.875050008296967,0.888360023498535,0.89876002073288,0.908150017261505,0.915380001068115,0.921500027179718,0.927789986133575,0.945720016956329,0.949559986591339,0.952870011329651,0.956399977207184,0.959550023078918,0.96220999956131,0.965409994125366,0.968529999256134,0.971080005168915,0.989809989929199,0.990869998931885,0.992190003395081,0.991890013217926,0.992999970912933,0.993849992752075,0.995350003242493,0.995850026607513,0.9965900182724,0.996460020542145,0.997189998626709,0.998269975185394,0.998730003833771,0.999010026454926,0.998860001564026,0.999029994010925,0.999650001525879,1.00011003017425,0.999499976634979,0.999689996242523,0.999920010566711,1.00065994262695,1.00117003917694,1.00133001804352,1.00145995616913,1.00160002708435
A,Annual,EAR,Early-demographic dividend,WB_GS_SE_ADT_1524_LT_FM_ZS,"Literacy rate, gender parity index (youth ages 15-24)",RO,Ratio,WB_GS,Gender Statistics,0,Units,A,Normal value,PU,Public,,,,,0.705820024013519,0.708980023860931,0.718850016593933,0.729290008544922,0.739220023155212,0.749779999256134,0.758889973163605,0.769479990005493,0.77920001745224,0.791800022125244,0.802569985389709,0.813069999217987,0.823069989681244,0.792639970779419,0.801379978656769,0.812129974365234,0.819689989089966,0.826070010662079,0.82805997133255,0.837870001792908,0.847620010375977,0.856410026550293,0.863590002059937,0.858950018882751,0.869750022888184,0.878910005092621,0.88739001750946,0.890900015830994,0.891740024089813,0.901059985160828,0.893149971961975,0.908500015735626,0.918940007686615,0.926840007305145,0.933669984340668,0.934979975223541,0.942309975624084,0.946979999542236,0.95304000377655,0.959070026874542,0.965250015258789,0.96959000825882,0.971549987792969,0.972670018672943,0.970990002155304,0.974219977855682,0.977330029010773,0.980130016803741
A,Annual,EAS,East Asia & Pacific,WB_GS_SE_ADT_1524_LT_FM_ZS,"Literacy rate, gender parity index (youth ages 15-24)",RO,Ratio,WB_GS,Gender Statistics,0,Units,A,Normal value,PU,Public,,,,,,0.821659982204437,0.824670016765594,0.839510023593903,0.854939997196198,0.870400011539459,0.884090006351471,0.896070003509521,0.905600011348724,0.914070010185242,0.92058002948761,0.926079988479614,0.931689977645874,0.948199987411499,0.951839983463287,0.954959988594055,0.958280026912689,0.961229979991913,0.963699996471405,0.96671998500824,0.969630002975464,0.971989989280701,0.989239990711212,0.990299999713898,0.991580009460449,0.991330027580261,0.992630004882812,0.993480026721954,0.994979977607727,0.995389997959137,0.996159970760345,0.996129989624023,0.996909976005554,0.998030006885529,0.998560011386871,0.998809993267059,0.998669981956482,0.998870015144348,0.999509990215302,1.00013995170593,0.999599993228912,0.999809980392456,1.00005996227264,1.00080001354218,1.00133001804352,1.00151002407074,1.00163996219635,1.00179004669189
A,Annual,ECA,Europe & Central Asia (excluding high income),WB_GS_SE_ADT_1524_LT_FM_ZS,"Literacy rate, gender parity index (youth ages 15-24)",RO,Ratio,WB_GS,Gender Statistics,0,Units,A,Normal value,PU,Public,,,,,,,,,,,,,0.978299975395203,0.983290016651154,0.98361998796463,0.984409987926483,0.985279977321625,0.986289978027344,0.982640027999878,0.984130024909973,0.984939992427826,0.985970020294189,0.986940026283264,0.988179981708527,0.989120006561279,0.990000009536743,0.990859985351562,0.991620004177094,0.992460012435913,0.989610016345978,0.990069985389709,0.990540027618408,0.991050004959106,0.991490006446838,0.992150008678436,0.992479979991913,0.992370009422302,0.99260002374649,0.995389997959137,0.996070027351379,0.99702000617981,0.997579991817474,0.998049974441528,0.998319983482361,0.998650014400482,0.99905002117157,0.999459981918335,0.999469995498657,0.999819993972778,0.999960005283356,1.00007998943329,1.00012004375458
A,Annual,ECS,Europe & Central Asia,WB_GS_SE_ADT_1524_LT_FM_ZS,"Literacy rate, gender parity index (youth ages 15-24)",RO,Ratio,WB_GS,Gender Statistics,0,Units,A,Normal value,PU,Public,,,,,,,,,,,,,,,,,,,,0.992950022220612,0.9932000041008,0.994629979133606,0.994979977607727,0.995450019836426,0.995779991149902,0.996110022068024,0.9964399933815,0.996940016746521,0.997300028800964,0.995589971542358,0.99575001001358,0.995649993419647,0.995850026607513,0.996039986610413,0.996290028095245,0.996309995651245,0.996370017528534,0.996479988098145,0.997749984264374,0.998189985752106,0.998579978942871,0.998830020427704,0.998969972133636,0.999080002307892,0.999339997768402,0.999440014362335,0.999819993972778,0.99975997209549,0.999870002269745,1.00010001659393,1.00007998943329,1.00004994869232
A,Annual,ECU,Ecuador,WB_GS_SE_ADT_1524_LT_FM_ZS,"Literacy rate, gender parity index (youth ages 15-24)",RO,Ratio,WB_GS,Gender Statistics,0,Units,A,Normal value,PU,Public,,,,,,,,,,,,0.975929975509644,,,,,,,,0.992309987545013,,,,,,,,,,,0.983900010585785,,1.021399974823,,0.992500007152557,0.993099987506866,1.00450003147125,0.997600018978119,1.0003000497818,1.0058000087738,1.00409996509552,0.997699975967407,0.997200012207031,1.00329995155334,0.983399987220764,1.00279998779297,1.00759994983673,1.00619995594025,1.01839995384216,1.02209997177124,1.00339996814728,1.00216996669769
A,Annual,EGY,"Egypt, Arab Rep.",WB_GS_SE_ADT_1524_LT_FM_ZS,"Literacy rate, gender parity index (youth ages 15-24)",RO,Ratio,WB_GS,Gender Statistics,0,Units,A,Normal value,PU,Public,,,,,,0.604730010032654,,,,,,,,,,0.756569981575012,,,,,,,,,,0.8473299741745,,,,,,,,,0.874509990215302,0.930509984493256,,,,0.930980026721954,,0.931739985942841,0.964510023593903,,,,0.970130026340485,,,,,0.989430010318756
A,Annual,ERI,Eritrea,WB_GS_SE_ADT_1524_LT_FM_ZS,"Literacy rate, gender parity index (youth ages 15-24)",RO,Ratio,WB_GS,Gender Statistics,0,Units,A,Normal value,PU,Public,,,,,,,,,,,,,,,,,,,,,,,,,,,,,,,,0.805570006370544,,,,,,0.904590010643005,,,,,,,,,,0.988229990005493,,,,
A,Annual,ESP,Spain,WB_GS_SE_ADT_1524_LT_FM_ZS,"Literacy rate, gender parity index (youth ages 15-24)",RO,Ratio,WB_GS,Gender Statistics,0,Units,A,Normal value,PU,Public,,,,,,,,,,,1.00001001358032,,,,,,,,,,1.0003000497818,,,,,,,,,,,,,0.999539971351624,0.999300003051758,0.997659981250763,0.999779999256134,1.00074994564056,0.999180018901825,1.00179994106293,1.00092005729675,1.00065004825592,0.999480009078979,0.999289989471436,1.00075995922089,0.999679982662201,,1.00056004524231,,1.00260996818542,,
A,Annual,EST,Estonia,WB_GS_SE_ADT_1524_LT_FM_ZS,"Literacy rate, gender parity index (youth ages 15-24)",RO,Ratio,WB_GS,Gender Statistics,0,Units,A,Normal value,PU,Public,,,,,,,,,,,,,,,,,,,1.00071001052856,,,,,,,,,,,1.00083994865417,,,,,,,,,,,1.00020003318787,,,,,,,,,,1.00010001659393,
A,Annual,ETH,Ethiopia,WB_GS_SE_ADT_1524_LT_FM_ZS,"Literacy rate, gender parity index (youth ages 15-24)",RO,Ratio,WB_GS,Gender Statistics,0,Units,A,Normal value,PU,Public,,,,,,,,,,,,,,,,,,,,,,,,0.714709997177124,,,,,,0.546189606189728,,,,0.618969976902008,0.595860004425049,,0.747030019760132,,,,0.670713007450104,,,,,0.694763362407684,0.978940010070801,,,,,
A,Annual,FCS,Fragile and conflict affected situations,WB_GS_SE_ADT_1524_LT_FM_ZS,"Literacy rate, gender parity index (youth ages 15-24)",RO,Ratio,WB_GS,Gender Statistics,0,Units,A,Normal value,PU,Public,,,,,,,,,,,,,,,0.786319971084595,0.788150012493134,0.792550027370453,0.797169983386993,0.802110016345978,0.809419989585876,0.813780009746552,0.819029986858368,0.824720025062561,0.831809997558594,0.836570024490356,0.843999981880188,0.851119995117188,0.855690002441406,0.864120006561279,0.837549984455109,0.844990015029907,0.82039999961853,0.826659977436066,0.831719994544983,0.834389984607697,0.840520024299622,0.823570013046265,0.827400028705597,0.826510012149811,0.835739970207214,0.850520014762878,0.857909977436066,0.862429976463318,0.870100021362305,0.872160017490387,0.885010004043579,0.89368999004364,0.888019979000092,0.892449975013733,0.893220007419586,0.896830022335052,0.900129973888397
A,Annual,FJI,Fiji,WB_GS_SE_ADT_1524_LT_FM_ZS,"Literacy rate, gender parity index (youth ages 15-24)",RO,Ratio,WB_GS,Gender Statistics,0,Units,A,Normal value,PU,Public,,,,,,,,,,,,,,,,,,,,,,,,,,,,,,,,,,,,,,,,,,,,,,,,,,,1.03036725521088,
A,Annual,GAB,Gabon,WB_GS_SE_ADT_1524_LT_FM_ZS,"Literacy rate, gender parity index (youth ages 15-24)",RO,Ratio,WB_GS,Gender Statistics,0,Units,A,Normal value,PU,Public,,,,,,,,,,,,,,,,,,,,,,,0.975709974765778,,,,,,,,,,,,,,,,,,,1.0228099822998,,,,,,,,,,1.04286003112793
A,Annual,GEO,Georgia,WB_GS_SE_ADT_1524_LT_FM_ZS,"Literacy rate, gender parity index (youth ages 15-24)",RO,Ratio,WB_GS,Gender Statistics,0,Units,A,Normal value,PU,Public,,,,,,,,,,,,,,,,,,,,,,,,,,,,,,,,1.00074005126953,,,,,,,,,,,,1.00051999092102,,,0.997250020503998,,,,,1.00390005111694
A,Annual,GHA,Ghana,WB_GS_SE_ADT_1524_LT_FM_ZS,"Literacy rate, gender parity index (youth ages 15-24)",RO,Ratio,WB_GS,Gender Statistics,0,Units,A,Normal value,PU,Public,,,,,,,,,,,,,,,,,,,,,,,,,,,,,,0.862309992313385,,,0.86174350976944,,,,,,,0.942520022392273,,,,0.917516708374023,,,,,,0.99753999710083,,
A,Annual,GIN,Guinea,WB_GS_SE_ADT_1524_LT_FM_ZS,"Literacy rate, gender parity index (youth ages 15-24)",RO,Ratio,WB_GS,Gender Statistics,0,Units,A,Normal value,PU,Public,,,,,,,,,,,,,,,,,,,,,,,,,,0.305370002985001,,,,,,,0.572950005531311,,0.375759452581406,,,,,0.580209970474243,,0.519458770751953,,0.653150022029877,,,,0.624199986457825,,,0.688210010528564,
A,Annual,GMB,"Gambia, The",WB_GS_SE_ADT_1524_LT_FM_ZS,"Literacy rate, gender parity index (youth ages 15-24)",RO,Ratio,WB_GS,Gender Statistics,0,Units,A,Normal value,PU,Public,,,,,,,,,,,,,,,,,,,,,,,,,,,,,,0.643360018730164,,,,,,,,,,,,,0.850629985332489,,0.910989999771118,,,,,,,1.12796998023987
A,Annual,GNB,Guinea-Bissau,WB_GS_SE_ADT_1524_LT_FM_ZS,"Literacy rate, gender parity index (youth ages 15-24)",RO,Ratio,WB_GS,Gender Statistics,0,Units,A,Normal value,PU,Public,,,,,,,,,0.298240005970001,,,,,,,,,,,,,,,,,,,,,0.613669991493225,,,,,,,,,,,,,,0.698329985141754,,,,,,,,0.830900013446808
A,Annual,GNQ,Equatorial Guinea,WB_GS_SE_ADT_1524_LT_FM_ZS,"Literacy rate, gender parity index (youth ages 15-24)",RO,Ratio,WB_GS,Gender Statistics,0,Units,A,Normal value,PU,Public,,,,,,,,,,,,,,,,,,,,,,,,,,,,,,0.989920020103455,,,,,,,,,,1.00618004798889,,,,,,,,,,,,
A,Annual,GRC,Greece,WB_GS_SE_ADT_1524_LT_FM_ZS,"Literacy rate, gender parity index (youth ages 15-24)",RO,Ratio,WB_GS,Gender Statistics,0,Units,A,Normal value,PU,Public,,,,,,,,,,,0.998350024223328,,,,,,,,,,0.999909996986389,,,,,,,,,,1.0009800195694,,,,,,,,0.99957001209259,,,,,,,,,,,,,
A,Annual,GRD,Grenada,WB_GS_SE_ADT_1524_LT_FM_ZS,"Literacy rate, gender parity index (youth ages 15-24)",RO,Ratio,WB_GS,Gender Statistics,0,Units,A,Normal value,PU,Public,1.00233995914459,,,,,,,,,1.0050300359726,,,,,,,,,,,,,,,,,,,,,,,,,,,,,,,,,,,,,,,,,,
A,Annual,GTM,Guatemala,WB_GS_SE_ADT_1524_LT_FM_ZS,"Literacy rate, gender parity index (youth ages 15-24)",RO,Ratio,WB_GS,Gender Statistics,0,Units,A,Normal value,PU,Public,,,,,,,,,,,,,,,,,,,,,,,,0.865400016307831,,,,,,0.869799971580505,,0.907519996166229,,,,0.927900016307831,,,,,,0.963090002536774,0.953159987926483,0.967899978160858,0.951795756816864,,,0.984130024909973,,,,0.994300007820129
A,Annual,GUM,Guam,WB_GS_SE_ADT_1524_LT_FM_ZS,"Literacy rate, gender parity index (youth ages 15-24)",RO,Ratio,WB_GS,Gender Statistics,0,Units,A,Normal value,PU,Public,,,,,,,,,,1.00572001934052,,,,,,,,,,0.999480009078979,,,,,,,,,,0.999700009822845,,,,,,,,,,,,,,,,,,,,,,
A,Annual,GUY,Guyana,WB_GS_SE_ADT_1524_LT_FM_ZS,"Literacy rate, gender parity index (youth ages 15-24)",RO,Ratio,WB_GS,Gender Statistics,0,Units,A,Normal value,PU,Public,,,,,,,,,,,,,,,,,,,,,,,,,,,,,,,,,,,,,,,1.01332998275757,,,,,1.00726997852325,,,,,,1.01319122314453,,1.00610995292664
A,Annual,HND,Honduras,WB_GS_SE_ADT_1524_LT_FM_ZS,"Literacy rate, gender parity index (youth ages 15-24)",RO,Ratio,WB_GS,Gender Statistics,0,Units,A,Normal value,PU,Public,,,,,,,,,,,,,,,,,,,,,,,,,,,,,,,1.0324000120163,,,1.01510000228882,1.03919994831085,,1.02481997013092,,1.0271999835968,1.01489996910095,1.02059996128082,1.02069997787476,1.02540004253387,1.01289999485016,1.02069997787476,1.02369999885559,,1.03359997272491,1.02520000934601,,,
A,Annual,HPC,Heavily indebted poor countries (HIPC),WB_GS_SE_ADT_1524_LT_FM_ZS,"Literacy rate, gender parity index (youth ages 15-24)",RO,Ratio,WB_GS,Gender Statistics,0,Units,A,Normal value,PU,Public,,,,,,,,,,,,,,,,0.744790017604828,0.751950025558472,0.758220016956329,0.764509975910187,0.772729992866516,0.777369976043701,0.781170010566711,0.786750018596649,0.792110025882721,0.792789995670319,0.801779985427856,0.811930000782013,0.806299984455109,0.808149993419647,0.817319989204407,0.829890012741089,0.795799970626831,0.806349992752075,0.813139975070953,0.815270006656647,0.800080001354218,0.814189970493317,0.819570004940033,0.820680022239685,0.837140023708344,0.862519979476929,0.872829973697662,0.879790008068085,0.888849973678589,0.897270023822784,0.909349977970123,0.916670024394989,0.917909979820251,0.922569990158081,0.924910008907318,0.929480016231537,0.93352997303009
A,Annual,HRV,Croatia,WB_GS_SE_ADT_1524_LT_FM_ZS,"Literacy rate, gender parity index (youth ages 15-24)",RO,Ratio,WB_GS,Gender Statistics,0,Units,A,Normal value,PU,Public,,,,,,,,,,,,,,,,,,,,,0.999379992485046,,,,,,,,,,1.00009000301361,,,,,,,,,,,,,,,,,,,,1.0003000497818,
A,Annual,HTI,Haiti,WB_GS_SE_ADT_1524_LT_FM_ZS,"Literacy rate, gender parity index (youth ages 15-24)",RO,Ratio,WB_GS,Gender Statistics,0,Units,A,Normal value,PU,Public,,,,,,,,,,,,0.995940029621124,,,,,,,,,,,,,,,,,,,,,0.976189970970154,,,0.947740018367767,,,,,,0.974003493785858,,,,0.991379976272583,,,,,,
A,Annual,HUN,Hungary,WB_GS_SE_ADT_1524_LT_FM_ZS,"Literacy rate, gender parity index (youth ages 15-24)",RO,Ratio,WB_GS,Gender Statistics,0,Units,A,Normal value,PU,Public,,,,,,,,,,0.998960018157959,,,,,,,,,,1.0,,,,,,,,,,,,,,,,,,,,,,,,,,,,,,,1.00404000282288,
A,Annual,IBD,IBRD only,WB_GS_SE_ADT_1524_LT_FM_ZS,"Literacy rate, gender parity index (youth ages 15-24)",RO,Ratio,WB_GS,Gender Statistics,0,Units,A,Normal value,PU,Public,,,,,0.797269999980927,0.799120008945465,0.803560018539429,0.815209984779358,0.827049970626831,0.83924001455307,0.849990010261536,0.860539972782135,0.868939995765686,0.878400027751923,0.886120021343231,0.893180012702942,0.899649977684021,0.894909977912903,0.898959994316101,0.903859972953796,0.906610012054443,0.911119997501373,0.913510024547577,0.917360007762909,0.921450018882751,0.925260007381439,0.936500012874603,0.931840002536774,0.936129987239838,0.93954998254776,0.943400025367737,0.948069989681244,0.950909972190857,0.955349981784821,0.948459982872009,0.952950000762939,0.957109987735748,0.960839986801147,0.963450014591217,0.96739000082016,0.970200002193451,0.973749995231628,0.977129995822906,0.980369985103607,0.982360005378723,0.985010027885437,0.987630009651184,0.988600015640259,0.987030029296875,0.988740026950836,0.990580022335052,0.992349982261658
A,Annual,IBT,IDA & IBRD total,WB_GS_SE_ADT_1524_LT_FM_ZS,"Literacy rate, gender parity index (youth ages 15-24)",RO,Ratio,WB_GS,Gender Statistics,0,Units,A,Normal value,PU,Public,,,,,0.783129990100861,0.784500002861023,0.788429975509644,0.798849999904633,0.809669971466064,0.820840001106262,0.830889999866486,0.840820014476776,0.848850011825562,0.858250021934509,0.866159975528717,0.873399972915649,0.880309998989105,0.875810027122498,0.880079984664917,0.885389983654022,0.888429999351501,0.890999972820282,0.891629993915558,0.895810008049011,0.900009989738464,0.904420018196106,0.915030002593994,0.910860002040863,0.915350019931793,0.916050016880035,0.920880019664764,0.923049986362457,0.924210011959076,0.929350018501282,0.925249993801117,0.934080004692078,0.936500012874603,0.93997997045517,0.942349970340729,0.943289995193481,0.94827002286911,0.951099991798401,0.954039990901947,0.957769989967346,0.96095997095108,0.964470028877258,0.966239988803864,0.966159999370575,0.965529978275299,0.967279970645905,0.969309985637665,0.971220016479492
A,Annual,IDA,IDA total,WB_GS_SE_ADT_1524_LT_FM_ZS,"Literacy rate, gender parity index (youth ages 15-24)",RO,Ratio,WB_GS,Gender Statistics,0,Units,A,Normal value,PU,Public,,,,,,,,,,,0.728380024433136,0.735140025615692,0.741800010204315,0.749920010566711,0.757849991321564,0.764880001544952,0.77359002828598,0.772570013999939,0.781170010566711,0.790929973125458,0.797569990158081,0.793619990348816,0.789380013942719,0.798810005187988,0.806410014629364,0.816590011119843,0.826759994029999,0.826839983463287,0.835039973258972,0.826150000095367,0.836769998073578,0.831430017948151,0.827570021152496,0.837100028991699,0.843859970569611,0.869679987430573,0.866680026054382,0.871739983558655,0.875400006771088,0.869520008563995,0.88415002822876,0.88739001750946,0.891669988632202,0.899010002613068,0.907899975776672,0.915970027446747,0.917230010032654,0.916069984436035,0.919380009174347,0.92273998260498,0.92645001411438,0.929660022258759
A,Annual,IDB,IDA blend,WB_GS_SE_ADT_1524_LT_FM_ZS,"Literacy rate, gender parity index (youth ages 15-24)",RO,Ratio,WB_GS,Gender Statistics,0,Units,A,Normal value,PU,Public,,,,,,,,,,0.745069980621338,0.747189998626709,0.752550005912781,0.75858998298645,0.766420006752014,0.773970007896423,0.780680000782013,0.791320025920868,0.802299976348877,0.813120007514954,0.824559986591339,0.834559977054596,0.806850016117096,0.781979978084564,0.792249977588654,0.802429974079132,0.813730001449585,0.82463002204895,0.834159970283508,0.844410002231598,0.799239993095398,0.8089399933815,0.81862998008728,0.788980007171631,0.800729990005493,0.806749999523163,0.855369985103607,0.822870016098022,0.829900026321411,0.835300028324127,0.84223997592926,0.855740010738373,0.853060007095337,0.854290008544922,0.866599977016449,0.875909984111786,0.884880006313324,0.877449989318848,0.870760023593903,0.875469982624054,0.881850004196167,0.886910021305084,0.891939997673035
A,Annual,IDN,Indonesia,WB_GS_SE_ADT_1524_LT_FM_ZS,"Literacy rate, gender parity index (youth ages 15-24)",RO,Ratio,WB_GS,Gender Statistics,0,Units,A,Normal value,PU,Public,,,,,,,,,,0.911339998245239,,,,,,,,,,0.976050019264221,,,,,,,,,,,,,,0.996710002422333,,0.992219984531403,,0.998440027236938,0.998459994792938,,0.999469995498657,,,0.999970018863678,0.999350011348724,0.999700009822845,0.993595540523529,0.999790012836456,,1.00004005432129,,
A,Annual,IDX,IDA only,WB_GS_SE_ADT_1524_LT_FM_ZS,"Literacy rate, gender parity index (youth ages 15-24)",RO,Ratio,WB_GS,Gender Statistics,0,Units,A,Normal value,PU,Public,,,,,,,,,,,0.719619989395142,0.726939976215363,0.733860015869141,0.742070019245148,0.750199973583221,0.757319986820221,0.765009999275208,0.757990002632141,0.765489995479584,0.774349987506866,0.779110014438629,0.787159979343414,0.79433000087738,0.803229987621307,0.809360027313232,0.818929970264435,0.828769981861115,0.823400020599365,0.830449998378754,0.841459989547729,0.852710008621216,0.838680028915405,0.84935998916626,0.857360005378723,0.8644700050354,0.879199981689453,0.891560018062592,0.896290004253387,0.898970007896423,0.884660005569458,0.899630010128021,0.906050026416779,0.911140024662018,0.915759980678558,0.924319982528687,0.931689977645874,0.937120020389557,0.938350021839142,0.940720021724701,0.942640006542206,0.945689976215363,0.9480299949646
A,Annual,IND,India,WB_GS_SE_ADT_1524_LT_FM_ZS,"Literacy rate, gender parity index (youth ages 15-24)",RO,Ratio,WB_GS,Gender Statistics,0,Units,A,Normal value,PU,Public,,,,,,,,,,,0.608030021190643,,,,,,,,,,0.671329975128174,,,,,,,,,,0.804669976234436,,,,,0.841019988059998,,,,,0.908990025520325,,,,,,,,,0.91803777217865,,0.980459988117218
A,Annual,IRN,"Iran, Islamic Rep.",WB_GS_SE_ADT_1524_LT_FM_ZS,"Literacy rate, gender parity index (youth ages 15-24)",RO,Ratio,WB_GS,Gender Statistics,0,Units,A,Normal value,PU,Public,,,,,,0.597010016441345,,,,,,,,,,0.776009976863861,,,,,0.878459990024567,,,,,0.948069989681244,,,,,,,,,0.986010015010834,0.989570021629333,,0.99194997549057,,,,0.993160009384155,0.993160009384155,0.994769990444183,,0.996510028839111,,,,,,1.0024299621582
A,Annual,IRQ,Iraq,WB_GS_SE_ADT_1524_LT_FM_ZS,"Literacy rate, gender parity index (youth ages 15-24)",RO,Ratio,WB_GS,Gender Statistics,0,Units,A,Normal value,PU,Public,,,,,,,,,,,,,,,,,,,,,,,,,,,,,,0.905239999294281,,,,,,,,,,,,0.909510016441345,,0.930360019207001,,0.94539999961853,0.970499992370605,,,,,
A,Annual,ISR,Israel,WB_GS_SE_ADT_1524_LT_FM_ZS,"Literacy rate, gender parity index (youth ages 15-24)",RO,Ratio,WB_GS,Gender Statistics,0,Units,A,Normal value,PU,Public,,,,,,,,,,,,,0.989820003509521,,,,,,,,,,,,,,,,,,,,,,,,,,,,,,,,,,,,,,,
A,Annual,ITA,Italy,WB_GS_SE_ADT_1524_LT_FM_ZS,"Literacy rate, gender parity index (youth ages 15-24)",RO,Ratio,WB_GS,Gender Statistics,0,Units,A,Normal value,PU,Public,,,,,,,,,,,0.99889999628067,,,,,,,,,,,,,,,,,,,,1.00015997886658,,,,,,,,,,1.00018000602722,,,,,,,,1.00100994110107,,,
A,Annual,JAM,Jamaica,WB_GS_SE_ADT_1524_LT_FM_ZS,"Literacy rate, gender parity index (youth ages 15-24)",RO,Ratio,WB_GS,Gender Statistics,0,Units,A,Normal value,PU,Public,,,,,,,,,,,,,,,,,,,,,,,,,,,,,1.09329998493195,,,,,,,,,,,,,,,,,,,,,,,
A,Annual,JOR,Jordan,WB_GS_SE_ADT_1524_LT_FM_ZS,"Literacy rate, gender parity index (youth ages 15-24)",RO,Ratio,WB_GS,Gender Statistics,0,Units,A,Normal value,PU,Public,,,,,,,,,0.885590016841888,,,,,,,,,,,,,,,,,,,,,,,,0.995819985866547,,1.00092995166779,,0.999939978122711,,,1.00007998943329,1.00204002857208,1.00202000141144,,,,,,,,,1.00291001796722,
A,Annual,KAZ,Kazakhstan,WB_GS_SE_ADT_1524_LT_FM_ZS,"Literacy rate, gender parity index (youth ages 15-24)",RO,Ratio,WB_GS,Gender Statistics,0,Units,A,Normal value,PU,Public,,,,,,,,,,,,,,,,,,,0.994499981403351,,,,,,,,,,1.00058996677399,,,,,,,,,,1.00060999393463,0.999109983444214,,,,,,,,,,0.999000012874603,,
A,Annual,KEN,Kenya,WB_GS_SE_ADT_1524_LT_FM_ZS,"Literacy rate, gender parity index (youth ages 15-24)",RO,Ratio,WB_GS,Gender Statistics,0,Units,A,Normal value,PU,Public,,,,,,,,,,,,,,,,,,,,,,,,,,,,,,0.985350012779236,,,,,,,0.981100022792816,,,,,,,0.990769982337952,,,,,,,,1.01725995540619
A,Annual,KGZ,Kyrgyz Republic,WB_GS_SE_ADT_1524_LT_FM_ZS,"Literacy rate, gender parity index (youth ages 15-24)",RO,Ratio,WB_GS,Gender Statistics,0,Units,A,Normal value,PU,Public,,,,,,,,,,,,,,,,,,,,,,,,,,,,,1.00091004371643,,,,,,,,,,1.00094997882843,,,,,,,,,,1.00100004673004,,,
A,Annual,KHM,Cambodia,WB_GS_SE_ADT_1524_LT_FM_ZS,"Literacy rate, gender parity index (youth ages 15-24)",RO,Ratio,WB_GS,Gender Statistics,0,Units,A,Normal value,PU,Public,,,,,,,,,,,,,,,,,,,,,,,,,,,,0.868350028991699,,,,,,0.897360026836395,0.67330002784729,,,0.956939995288849,0.971650004386902,0.967990100383759,,,,1.00495004653931,1.00766003131866,,,,,,,1.01109004020691
A,Annual,KOR,"Korea, Rep.",WB_GS_SE_ADT_1524_LT_FM_ZS,"Literacy rate, gender parity index (youth ages 15-24)",RO,Ratio,WB_GS,Gender Statistics,0,Units,A,Normal value,PU,Public,,,,,,,,,,,,,,,,,,,,,,,,,,,,,,,,,,,,,,1.00092005729675,,,,,,,,,,1.00100004673004,,,,
A,Annual,KWT,Kuwait,WB_GS_SE_ADT_1524_LT_FM_ZS,"Literacy rate, gender parity index (youth ages 15-24)",RO,Ratio,WB_GS,Gender Statistics,0,Units,A,Normal value,PU,Public,,,,,0.849640011787415,,,,,0.935320019721985,,,,,0.927240014076233,,,,,,,,,,0.961459994316101,,,,,,,,,,1.00097000598907,0.999769985675812,1.00110995769501,1.00176000595093,,0.996519982814789,,1.00100004673004,0.997870028018951,,1.00251996517181,,1.00444996356964,1.00730001926422,,1.0047299861908,,
A,Annual,LAC,Latin America & Caribbean (excluding high income),WB_GS_SE_ADT_1524_LT_FM_ZS,"Literacy rate, gender parity index (youth ages 15-24)",RO,Ratio,WB_GS,Gender Statistics,0,Units,A,Normal value,PU,Public,,,,0.976300001144409,0.976629972457886,0.980369985103607,0.984830021858215,0.989679992198944,0.994310021400452,0.998769998550415,1.00297999382019,1.00707995891571,1.01116001605988,1.01494002342224,1.01850998401642,1.02160000801086,1.02166998386383,1.02416002750397,1.0273300409317,1.0302300453186,1.02687001228332,1.02347004413605,1.01961004734039,1.01579999923706,1.01187002658844,1.01142001152039,1.01001000404358,1.00992000102997,1.01042997837067,1.01075005531311,1.01038002967834,1.00892996788025,1.00677001476288,1.00806999206543,1.00808000564575,1.00442004203796,1.00531995296478,1.00501000881195,1.00436997413635,1.00680994987488,1.00547003746033,1.0046900510788,1.00469994544983,1.00427997112274,1.00432002544403,1.00434005260468,1.00372004508972,1.00353002548218,1.00344002246857,1.00349998474121,1.00364005565643,1.00347995758057
A,Annual,LAO,Lao PDR,WB_GS_SE_ADT_1524_LT_FM_ZS,"Literacy rate, gender parity index (youth ages 15-24)",RO,Ratio,WB_GS,Gender Statistics,0,Units,A,Normal value,PU,Public,,,,,,,,,,,,,,,,,,,,,,,,,0.812709987163544,,,,,0.835330009460449,0.904150009155273,,,,0.882860004901886,,,,,,0.867760002613068,,,,0.95864999294281,,,,,,,0.980090022087097
A,Annual,LBN,Lebanon,WB_GS_SE_ADT_1524_LT_FM_ZS,"Literacy rate, gender parity index (youth ages 15-24)",RO,Ratio,WB_GS,Gender Statistics,0,Units,A,Normal value,PU,Public,,,,,,,,,,,,,,,,,,,,,,,,,,,,,,,,,,,,,1.00692999362946,,1.00176000595093,,,,,,,,,,1.00160002708435,,,
A,Annual,LBR,Liberia,WB_GS_SE_ADT_1524_LT_FM_ZS,"Literacy rate, gender parity index (youth ages 15-24)",RO,Ratio,WB_GS,Gender Statistics,0,Units,A,Normal value,PU,Public,,,,,,,,,,,,,,0.536779999732971,,,,,,,,,,,,,,,,,,,,,,,0.585810005664825,,,,,,0.754626929759979,,,,0.702600002288818,,0.833236753940582,,,
A,Annual,LBY,Libya,WB_GS_SE_ADT_1524_LT_FM_ZS,"Literacy rate, gender parity index (youth ages 15-24)",RO,Ratio,WB_GS,Gender Statistics,0,Units,A,Normal value,PU,Public,,,,,,,,,,,,,,0.820739984512329,,,,,,,,,,0.968620002269745,,,,,,,,,,,,,,,,,,,,,,,,,,,,
A,Annual,LCA,St. Lucia,WB_GS_SE_ADT_1524_LT_FM_ZS,"Literacy rate, gender parity index (youth ages 15-24)",RO,Ratio,WB_GS,Gender Statistics,0,Units,A,Normal value,PU,Public,,,,,,,,,,,,,,,,,,,,,,,,,,,,,,,,,,,,,,,,,,0.999599993228912,,,,,,,,,,
A,Annual,LCN,Latin America & Caribbean,WB_GS_SE_ADT_1524_LT_FM_ZS,"Literacy rate, gender parity index (youth ages 15-24)",RO,Ratio,WB_GS,Gender Statistics,0,Units,A,Normal value,PU,Public,,,,0.979359984397888,0.979640007019043,0.98293000459671,0.987020015716553,0.99151998758316,0.995819985866547,0.999970018863678,1.00389003753662,1.00769996643066,1.01147997379303,1.01498997211456,1.01830005645752,1.0211900472641,1.02132999897003,1.02290999889374,1.02552998065949,1.02822005748749,1.02530002593994,1.02233004570007,1.01895999908447,1.01559996604919,1.01213002204895,1.01177000999451,1.01046001911163,1.00998997688294,1.01042997837067,1.01073002815247,1.01041996479034,1.00914001464844,1.00721001625061,1.00839996337891,1.00840997695923,1.00464999675751,1.00531005859375,1.00497996807098,1.00427997112274,1.00646996498108,1.00573003292084,1.00503003597259,1.00494003295898,1.00424003601074,1.0042599439621,1.00428998470306,1.0037100315094,1.00352001190186,1.00346004962921,1.00349998474121,1.00363004207611,1.00347995758057
A,Annual,LDC,Least developed countries: UN classification,WB_GS_SE_ADT_1524_LT_FM_ZS,"Literacy rate, gender parity index (youth ages 15-24)",RO,Ratio,WB_GS,Gender Statistics,0,Units,A,Normal value,PU,Public,,,,,,,,,,,0.687229990959167,0.695259988307953,0.702759981155396,0.711560010910034,0.720650017261505,0.728290021419525,0.73676997423172,0.728839993476868,0.737649977207184,0.747730016708374,0.752749979496002,0.761799991130829,0.770039975643158,0.780179977416992,0.786549985408783,0.79694002866745,0.807720005512238,0.801230013370514,0.8089399933815,0.821799993515015,0.834089994430542,0.817120015621185,0.829249978065491,0.838320016860962,0.845719993114471,0.861469984054565,0.876779973506927,0.881600022315979,0.888220012187958,0.870909988880157,0.888100028038025,0.8958899974823,0.902270019054413,0.9060999751091,0.916010022163391,0.924560010433197,0.930909991264343,0.931850016117096,0.936699986457825,0.939999997615814,0.944959998130798,0.949180006980896
A,Annual,LIC,Low income,WB_GS_SE_ADT_1524_LT_FM_ZS,"Literacy rate, gender parity index (youth ages 15-24)",RO,Ratio,WB_GS,Gender Statistics,0,Units,A,Normal value,PU,Public,,,,,,,,,,,,,,,,,,0.724510014057159,0.729330003261566,0.736660003662109,0.739040017127991,0.740480005741119,0.745419979095459,0.751569986343384,0.751720011234283,0.760829985141754,0.770879983901978,0.776570022106171,0.782019972801208,0.79449999332428,0.805419981479645,0.761929988861084,0.772109985351562,0.780019998550415,0.783410012722015,0.76349002122879,0.781949996948242,0.791059970855713,0.797580003738403,0.811720013618469,0.838769972324371,0.84469997882843,0.855560004711151,0.861000001430511,0.871370017528534,0.885590016841888,0.896260023117065,0.894659996032715,0.902320027351379,0.905399978160858,0.912249982357025,0.918540000915527
A,Annual,LKA,Sri Lanka,WB_GS_SE_ADT_1524_LT_FM_ZS,"Literacy rate, gender parity index (youth ages 15-24)",RO,Ratio,WB_GS,Gender Statistics,0,Units,A,Normal value,PU,Public,,,,,,,,,,,0.981630027294159,,,,,,,,,,,,,,,,,,,,1.01098001003265,,,,,1.00931000709534,,1.01271998882294,,1.00915002822876,,,,,,1.00539004802704,1.00608003139496,1.00539994239807,1.00496995449066,1.00541996955872,1.00434005260468,
A,Annual,LMC,Lower middle income,WB_GS_SE_ADT_1524_LT_FM_ZS,"Literacy rate, gender parity index (youth ages 15-24)",RO,Ratio,WB_GS,Gender Statistics,0,Units,A,Normal value,PU,Public,,,,,0.675270020961761,0.676689982414246,0.685280025005341,0.694519996643066,0.70415997505188,0.713590025901794,0.721490025520325,0.73141998052597,0.740199983119965,0.75151002407074,0.762470006942749,0.772530019283295,0.782580018043518,0.747080028057098,0.758369982242584,0.771160006523132,0.779600024223328,0.787930011749268,0.790750026702881,0.802349984645844,0.814450025558472,0.824679970741272,0.833850026130676,0.827660024166107,0.839760005474091,0.842260003089905,0.852880001068115,0.865530014038086,0.867569983005524,0.878629982471466,0.86966997385025,0.89341002702713,0.896659970283508,0.904810011386871,0.911419987678528,0.912899971008301,0.920899987220764,0.92755001783371,0.933950006961823,0.941799998283386,0.948670029640198,0.953679978847504,0.955489993095398,0.957920014858246,0.956269979476929,0.959839999675751,0.96288001537323,0.965669989585876
A,Annual,LMY,Low & middle income,WB_GS_SE_ADT_1524_LT_FM_ZS,"Literacy rate, gender parity index (youth ages 15-24)",RO,Ratio,WB_GS,Gender Statistics,0,Units,A,Normal value,PU,Public,,,,,0.777629971504211,0.779160022735596,0.783370018005371,0.794279992580414,0.805599987506866,0.817200005054474,0.82762998342514,0.837920010089874,0.846159994602203,0.855790019035339,0.863910019397736,0.87133002281189,0.8784099817276,0.873960018157959,0.87830001115799,0.883639991283417,0.886669993400574,0.889209985733032,0.889810025691986,0.894010007381439,0.898220002651215,0.902660012245178,0.913429975509644,0.909240007400513,0.913800001144409,0.914520025253296,0.919449985027313,0.921679973602295,0.922900021076202,0.928160011768341,0.924040019512177,0.933059990406036,0.935549974441528,0.939109981060028,0.941550016403198,0.94252997636795,0.947539985179901,0.950420022010803,0.953419983386993,0.957239985466003,0.960470020771027,0.964030027389526,0.965830028057098,0.965759992599487,0.965149998664856,0.966939985752106,0.96899002790451,0.970920026302338
A,Annual,LSO,Lesotho,WB_GS_SE_ADT_1524_LT_FM_ZS,"Literacy rate, gender parity index (youth ages 15-24)",RO,Ratio,WB_GS,Gender Statistics,0,Units,A,Normal value,PU,Public,,,,,,,,,,,,,,,,,,,,,,,,,,,,,,1.12995994091034,,,,,,,,,1.19446003437042,,,,,1.15283000469208,,,,,,,,1.12322998046875
A,Annual,LTE,Late-demographic dividend,WB_GS_SE_ADT_1524_LT_FM_ZS,"Literacy rate, gender parity index (youth ages 15-24)",RO,Ratio,WB_GS,Gender Statistics,0,Units,A,Normal value,PU,Public,,,,,,0.844950020313263,0.847729980945587,0.860859990119934,0.87389999628067,0.887459993362427,0.899500012397766,0.910279989242554,0.918869972229004,0.926339983940125,0.931949973106384,0.936640024185181,0.941039979457855,0.957080006599426,0.96043998003006,0.963620007038116,0.965420007705688,0.967260003089905,0.968829989433289,0.970700025558472,0.972500026226044,0.974749982357025,0.991720020771027,0.992709994316101,0.993669986724854,0.994019985198975,0.994629979133606,0.995199978351593,0.995209991931915,0.995660006999969,0.996150016784668,0.996219992637634,0.997370004653931,0.997600018978119,0.997860014438629,0.998300015926361,0.997889995574951,0.999090015888214,0.999880015850067,1.00010001659393,1.00036001205444,1.00059998035431,1.00091004371643,1.00089001655579,1.00102996826172,1.00103998184204,1.00089001655579,1.00092005729675
A,Annual,LTU,Lithuania,WB_GS_SE_ADT_1524_LT_FM_ZS,"Literacy rate, gender parity index (youth ages 15-24)",RO,Ratio,WB_GS,Gender Statistics,0,Units,A,Normal value,PU,Public,,,,,,,,,,,,,,,,,,,1.00066995620728,,,,,,,,,,,,1.00080001354218,,,,,,,,,,1.00021004676819,,,,,,,,,,1.00010001659393,
A,Annual,LVA,Latvia,WB_GS_SE_ADT_1524_LT_FM_ZS,"Literacy rate, gender parity index (youth ages 15-24)",RO,Ratio,WB_GS,Gender Statistics,0,Units,A,Normal value,PU,Public,,,,,,,,,,,,,,,,,,,1.00071001052856,,,,,,,,,,,1.00065004825592,,,,,,,,,,,1.0006799697876,,,,,,,,,,1.00090003013611,
A,Annual,MAC,"Macao SAR, China",WB_GS_SE_ADT_1524_LT_FM_ZS,"Literacy rate, gender parity index (youth ages 15-24)",RO,Ratio,WB_GS,Gender Statistics,0,Units,A,Normal value,PU,Public,,,,,,,,,,,0.990149974822998,,,,,,,,,,,,,,,,,,,,1.00381004810333,,,,,1.00112998485565,,,,,1.00034999847412,,,,,1.00138998031616,,,,,1.00339996814728,
A,Annual,MAR,Morocco,WB_GS_SE_ADT_1524_LT_FM_ZS,"Literacy rate, gender parity index (youth ages 15-24)",RO,Ratio,WB_GS,Gender Statistics,0,Units,A,Normal value,PU,Public,,,,,,,,,,,,0.532559990882874,,,,,,,,,,,,0.644339978694916,,,,,,,,,,0.748650014400482,,,,0.814610004425049,0.831849992275238,,0.833440005779266,0.927680015563965,,,,,,,,,,0.997870028018951
A,Annual,MDA,Moldova,WB_GS_SE_ADT_1524_LT_FM_ZS,"Literacy rate, gender parity index (youth ages 15-24)",RO,Ratio,WB_GS,Gender Statistics,0,Units,A,Normal value,PU,Public,,,,,,,,,,,,,,,,,,,1.00018000602722,,,,,,,,,,,1.00249004364014,,,,,1.00080037117004,,,,,,,0.998399972915649,,1.00009000301361,,,,,,,1.0,
A,Annual,MDG,Madagascar,WB_GS_SE_ADT_1524_LT_FM_ZS,"Literacy rate, gender parity index (youth ages 15-24)",RO,Ratio,WB_GS,Gender Statistics,0,Units,A,Normal value,PU,Public,,,,,,,,,,,,,,,,,,,,,,,,,,,,,,0.938499987125397,,,,,0.95949000120163,,,,0.970449984073639,,,0.960359990596771,,,,,,0.982659995555878,,,0.955361247062683,0.998139977455139
A,Annual,MDV,Maldives,WB_GS_SE_ADT_1524_LT_FM_ZS,"Literacy rate, gender parity index (youth ages 15-24)",RO,Ratio,WB_GS,Gender Statistics,0,Units,A,Normal value,PU,Public,,,,,,,1.03430998325348,,,,,,,,1.01339995861053,,,,,1.00241994857788,,,,,1.00268995761871,,,,,1.00268995761871,,,,,,1.00120997428894,,,,,,,,1.00360000133514,,1.00704002380371,,,,,0.998090028762817,
A,Annual,MEA,Middle East and North Africa,WB_GS_SE_ADT_1524_LT_FM_ZS,"Literacy rate, gender parity index (youth ages 15-24)",RO,Ratio,WB_GS,Gender Statistics,0,Units,A,Normal value,PU,Public,,,0.629400014877319,0.636189997196198,0.643270015716553,0.649439990520477,0.660130023956299,0.669690012931824,0.678049981594086,0.688929975032806,0.70007997751236,0.711149990558624,0.716059982776642,0.730430006980896,0.744029998779297,0.756910026073456,0.768310010433197,0.780219972133636,0.791670024394989,0.810790002346039,0.819180011749268,0.829339981079102,0.822149991989136,0.832279980182648,0.847069978713989,0.857810020446777,0.867590010166168,0.877690017223358,0.887709975242615,0.896719992160797,0.904590010643005,0.913250029087067,0.902119994163513,0.909300029277802,0.914370000362396,0.929059982299805,0.933560013771057,0.937039971351624,0.928690016269684,0.931119978427887,0.931020021438599,0.940150022506714,0.944769978523254,0.952059984207153,0.949689984321594,0.953589975833893,0.958119988441467,0.951719999313354,0.95319002866745,0.954649984836578,0.955699980258942,0.957019984722137
A,Annual,MEX,Mexico,WB_GS_SE_ADT_1524_LT_FM_ZS,"Literacy rate, gender parity index (youth ages 15-24)",RO,Ratio,WB_GS,Gender Statistics,0,Units,A,Normal value,PU,Public,,,,,,,,,,0.976080000400543,,,,,,,,,,0.98895001411438,,,,,,,,,,1.00199997425079,,0.993799984455109,,1.00349998474121,0.999830007553101,0.995599985122681,0.99915999174118,1.00080001354218,0.997080028057098,1.00329995155334,1.00091004371643,1.00349998474121,1.00075995922089,1.00460004806519,1.00143003463745,1.0025999546051,1.00088000297546,1.00429999828339,,1.00269997119904,,
A,Annual,MHL,Marshall Islands,WB_GS_SE_ADT_1524_LT_FM_ZS,"Literacy rate, gender parity index (youth ages 15-24)",RO,Ratio,WB_GS,Gender Statistics,0,Units,A,Normal value,PU,Public,,,,,,,,,,,,,,,,,,,,,,,,,,,,,,,,,,,,,,,,,1.00593996047974,,,,,,,,,,,
A,Annual,MIC,Middle income,WB_GS_SE_ADT_1524_LT_FM_ZS,"Literacy rate, gender parity index (youth ages 15-24)",RO,Ratio,WB_GS,Gender Statistics,0,Units,A,Normal value,PU,Public,,,,,0.784409999847412,0.786029994487762,0.790369987487793,0.801649987697601,0.813319981098175,0.825269997119904,0.835820019245148,0.846239984035492,0.854680001735687,0.864520013332367,0.872770011425018,0.88033002614975,0.887459993362427,0.882480025291443,0.886960029602051,0.8923299908638,0.895449995994568,0.898129999637604,0.898620009422302,0.902830004692078,0.907490015029907,0.911750018596649,0.922619998455048,0.917840003967285,0.922510027885437,0.922609984874725,0.927259981632233,0.933099985122681,0.933809995651245,0.93927001953125,0.934639990329742,0.945900022983551,0.947749972343445,0.951380014419556,0.953960001468658,0.954219996929169,0.957899987697601,0.960929989814758,0.963609993457794,0.967589974403381,0.970489978790283,0.973280012607574,0.974460005760193,0.974829971790314,0.97351998090744,0.975430011749268,0.977159976959229,0.978760004043579
A,Annual,MKD,North Macedonia,WB_GS_SE_ADT_1524_LT_FM_ZS,"Literacy rate, gender parity index (youth ages 15-24)",RO,Ratio,WB_GS,Gender Statistics,0,Units,A,Normal value,PU,Public,,,,,,,,,,,,,,,,,,,,,,,,0.994170010089874,,,,,,,,0.994949996471405,,,,,,,,,,0.996959984302521,,,,,,,,,,
A,Annual,MLI,Mali,WB_GS_SE_ADT_1524_LT_FM_ZS,"Literacy rate, gender parity index (youth ages 15-24)",RO,Ratio,WB_GS,Gender Statistics,0,Units,A,Normal value,PU,Public,,,,,,0.505320012569427,,,,,,,,,,,,,,,,,,,,,,0.522790014743805,,,,,,,,0.650030016899109,,,,0.602180004119873,0.527310013771057,,,,0.647790014743805,,,0.750400006771088,,0.696250021457672,,
A,Annual,MLT,Malta,WB_GS_SE_ADT_1524_LT_FM_ZS,"Literacy rate, gender parity index (youth ages 15-24)",RO,Ratio,WB_GS,Gender Statistics,0,Units,A,Normal value,PU,Public,,,,,,,,,,,,,,,1.01962995529175,,,,,,,,,,1.03518998622894,,,,,,,,,,1.01665997505188,,,,,,1.009889960289,,,,,,,,,,1.0034099817276,
A,Annual,MMR,Myanmar,WB_GS_SE_ADT_1524_LT_FM_ZS,"Literacy rate, gender parity index (youth ages 15-24)",RO,Ratio,WB_GS,Gender Statistics,0,Units,A,Normal value,PU,Public,,,,,,,,,,,,,0.918460011482239,,,,,,,,,,,,,,,,,0.975809991359711,,,,,,,,,,,,,,,,0.991710007190704,,,1.00294995307922,,,
A,Annual,MNA,Middle East & North Africa (excluding high income),WB_GS_SE_ADT_1524_LT_FM_ZS,"Literacy rate, gender parity index (youth ages 15-24)",RO,Ratio,WB_GS,Gender Statistics,0,Units,A,Normal value,PU,Public,,0.590520024299622,0.598420023918152,0.606270015239716,0.614459991455078,0.622089982032776,0.634720027446747,0.645919978618622,0.65504002571106,0.667540013790131,0.680310010910034,0.692099988460541,0.697759985923767,0.713880002498627,0.729170024394989,0.743600010871887,0.756389975547791,0.769299983978271,0.781620025634766,0.802370011806488,0.811559975147247,0.821900010108948,0.813250005245209,0.824020028114319,0.840390026569366,0.851899981498718,0.862380027770996,0.86966997385025,0.880110025405884,0.88933002948761,0.897740006446838,0.906849980354309,0.89342999458313,0.901539981365204,0.907100021839142,0.92330002784729,0.928210020065308,0.931949973106384,0.923389971256256,0.926119983196259,0.924449980258942,0.933799982070923,0.939480006694794,0.94691002368927,0.944289982318878,0.948350012302399,0.953360021114349,0.946780025959015,0.948419988155365,0.949840009212494,0.951179981231689,0.952390015125275
A,Annual,MNE,Montenegro,WB_GS_SE_ADT_1524_LT_FM_ZS,"Literacy rate, gender parity index (youth ages 15-24)",RO,Ratio,WB_GS,Gender Statistics,0,Units,A,Normal value,PU,Public,,,,,,,,,,,0.991310000419617,,,,,,,,,,0.997219979763031,,,,,,,,,,,,0.999019980430603,,,,,,,,0.996900022029877,,,,,,,0.998653173446655,,,0.997380018234253,
A,Annual,MNG,Mongolia,WB_GS_SE_ADT_1524_LT_FM_ZS,"Literacy rate, gender parity index (youth ages 15-24)",RO,Ratio,WB_GS,Gender Statistics,0,Units,A,Normal value,PU,Public,,,,,,,,,,,,,,,,,,,,,,,,,,,,,,1.01455998420715,,,,,,,,,,1.00897002220154,,,,,,,,1.02947473526001,,1.00302004814148,,
A,Annual,MOZ,Mozambique,WB_GS_SE_ADT_1524_LT_FM_ZS,"Literacy rate, gender parity index (youth ages 15-24)",RO,Ratio,WB_GS,Gender Statistics,0,Units,A,Normal value,PU,Public,,,,,,,,,,0.392710000276566,,,,,,,,,,,,,,,,,0.614830017089844,,,,,,0.672919988632202,,,,,,0.708159983158112,,,,,,0.792580008506775,,0.847649991512299,,,0.84375,,
A,Annual,MRT,Mauritania,WB_GS_SE_ADT_1524_LT_FM_ZS,"Literacy rate, gender parity index (youth ages 15-24)",RO,Ratio,WB_GS,Gender Statistics,0,Units,A,Normal value,PU,Public,,,,,,,,,,,,,,,,,,,,,,,,,,,,,,0.819159984588623,,,,,,,0.718559980392456,,,,,,0.916840016841888,,,,,,,,0.962909996509552,
A,Annual,MUS,Mauritius,WB_GS_SE_ADT_1524_LT_FM_ZS,"Literacy rate, gender parity index (youth ages 15-24)",RO,Ratio,WB_GS,Gender Statistics,0,Units,A,Normal value,PU,Public,,,,,,,,,,,,,,,,,,,,1.01101994514465,,,,,,,,,,1.01719999313354,,,,,,,,,,,1.00899994373322,,,,,,,,,,1.00541996955872,
A,Annual,MWI,Malawi,WB_GS_SE_ADT_1524_LT_FM_ZS,"Literacy rate, gender parity index (youth ages 15-24)",RO,Ratio,WB_GS,Gender Statistics,0,Units,A,Normal value,PU,Public,,,,,,,,,,,,,,,,,0.697440028190613,,,,,,,,,,,0.861249983310699,,,,,,,,,,,,0.94226998090744,,,,0.930800020694733,1.01217997074127,,,,,1.43077409267426,,1.07729005813599
A,Annual,MYS,Malaysia,WB_GS_SE_ADT_1524_LT_FM_ZS,"Literacy rate, gender parity index (youth ages 15-24)",RO,Ratio,WB_GS,Gender Statistics,0,Units,A,Normal value,PU,Public,,,,,,,,,,0.966880023479462,,,,,,,,,,,0.992860019207001,,,,,,,,,,,,,,,,,,,,,,,,,,,,,,,
A,Annual,NAC,North America,WB_GS_SE_ADT_1524_LT_FM_ZS,"Literacy rate, gender parity index (youth ages 15-24)",RO,Ratio,WB_GS,Gender Statistics,0,Units,A,Normal value,PU,Public,,,,,,,,,,,,,,,,,,,,,,,,,,,,,,,,,0.999220013618469,0.999210000038147,0.999180018901825,0.999149978160858,0.99915999174118,0.999140024185181,,,,,,,,,0.999059975147247,0.999040007591248,0.999029994010925,0.99905002117157,0.999029994010925,0.999029994010925
A,Annual,NAM,Namibia,WB_GS_SE_ADT_1524_LT_FM_ZS,"Literacy rate, gender parity index (youth ages 15-24)",RO,Ratio,WB_GS,Gender Statistics,0,Units,A,Normal value,PU,Public,,,,,,,,,,,,,,,,,,,,,1.0521399974823,,,,,,,,,1.02636516094208,1.02653002738953,,,,,,1.08141005039215,,,,1.01979994773865,,1.04173171520233,,,,,,,,1.02235996723175,
A,Annual,NCL,New Caledonia,WB_GS_SE_ADT_1524_LT_FM_ZS,"Literacy rate, gender parity index (youth ages 15-24)",RO,Ratio,WB_GS,Gender Statistics,0,Units,A,Normal value,PU,Public,,,,,,1.00978994369507,,,,,,,,,,,,,1.00206005573273,,,,,,,1.0009800195694,,,,,,,,,,1.00100994110107,,,,,,,,,,,,,,,,
A,Annual,NER,Niger,WB_GS_SE_ADT_1524_LT_FM_ZS,"Literacy rate, gender parity index (youth ages 15-24)",RO,Ratio,WB_GS,Gender Statistics,0,Units,A,Normal value,PU,Public,,,,,,,,,,,,,,,,,,,,,,,,,,,,,,,0.542639970779419,,,,0.442279994487762,0.338279843330383,,,,,,0.651679992675781,,,,,,,,,,0.723299980163574
A,Annual,NGA,Nigeria,WB_GS_SE_ADT_1524_LT_FM_ZS,"Literacy rate, gender parity index (youth ages 15-24)",RO,Ratio,WB_GS,Gender Statistics,0,Units,A,Normal value,PU,Public,,,,,,,,,,,,,,,,,,,,,0.768079996109009,,,,,,,,,,,,0.774489998817444,,,0.896309971809387,,0.766929984092712,,,,,0.821051418781281,,,,,0.836749970912933,,,,
A,Annual,NIC,Nicaragua,WB_GS_SE_ADT_1524_LT_FM_ZS,"Literacy rate, gender parity index (youth ages 15-24)",RO,Ratio,WB_GS,Gender Statistics,0,Units,A,Normal value,PU,Public,,,,,,,,,,,,,,,,,,,,,,,,,,,,,,,1.04579997062683,,,,1.03540003299713,,,,1.02359998226166,,,,,1.02579998970032,1.04229998588562,,,,,,,
A,Annual,NPL,Nepal,WB_GS_SE_ADT_1524_LT_FM_ZS,"Literacy rate, gender parity index (youth ages 15-24)",RO,Ratio,WB_GS,Gender Statistics,0,Units,A,Normal value,PU,Public,,,,,,,,,,,0.331880003213882,,,,,,,,,,0.478769987821579,,,,,,,,,,0.746050000190735,,,,,0.801252126693726,,,,,0.892340004444122,,,,,0.884425699710846,,,1.01340079307556,,0.980130016803741,
A,Annual,OED,OECD members,WB_GS_SE_ADT_1524_LT_FM_ZS,"Literacy rate, gender parity index (youth ages 15-24)",RO,Ratio,WB_GS,Gender Statistics,0,Units,A,Normal value,PU,Public,,,,,,,,,,,,,,,,,,,,,,,,,,,,,,,,,,0.995599985122681,0.995840013027191,0.995440006256104,,,,,,,,,,,,1.00032997131348,1.00056004524231,1.00074005126953,1.00072002410889,1.00071001052856
A,Annual,OMN,Oman,WB_GS_SE_ADT_1524_LT_FM_ZS,"Literacy rate, gender parity index (youth ages 15-24)",RO,Ratio,WB_GS,Gender Statistics,0,Units,A,Normal value,PU,Public,,,,,,,,,,,,,,,,,,,,,,,,,,,,,,,,,0.98769998550415,,,,,0.999909996986389,,1.00774002075195,,,,,0.993149995803833,,1.00496995449066,1.00628995895386,,,,1.00030994415283
A,Annual,OSS,Other small states,WB_GS_SE_ADT_1524_LT_FM_ZS,"Literacy rate, gender parity index (youth ages 15-24)",RO,Ratio,WB_GS,Gender Statistics,0,Units,A,Normal value,PU,Public,,,,,,,,,,,,,,0.950869977474213,0.952229976654053,0.954200029373169,0.956969976425171,0.959190011024475,0.960690021514893,0.961049973964691,0.962239980697632,0.962989985942841,0.963819980621338,0.965640008449554,0.965380012989044,0.966220021247864,0.967469990253448,0.964460015296936,0.966570019721985,0.969519972801208,0.972280025482178,0.975769996643066,0.978079974651337,0.98115998506546,0.983640015125275,0.988390028476715,0.993570029735565,0.996649980545044,0.990729987621307,0.981809973716736,0.984189987182617,0.985109984874725,0.985589981079102,0.988009989261627,0.991509974002838,0.99523001909256,0.998409986495972,1.00190997123718,1.00608003139496,1.01080000400543,1.01625001430511,1.02125000953674
A,Annual,PAK,Pakistan,WB_GS_SE_ADT_1524_LT_FM_ZS,"Literacy rate, gender parity index (youth ages 15-24)",RO,Ratio,WB_GS,Gender Statistics,0,Units,A,Normal value,PU,Public,,,,,,,,,,,0.535539984703064,,,,,,,,,,,,,,,,,0.642059981822968,,,,,,,0.692589998245239,0.737909972667694,0.754729986190796,0.771210014820099,0.77658998966217,0.783590018749237,0.809010028839111,0.803030014038086,0.798929989337921,0.821749985218048,,,0.831089973449707,0.806559979915619,0.817589998245239,,,
A,Annual,PAN,Panama,WB_GS_SE_ADT_1524_LT_FM_ZS,"Literacy rate, gender parity index (youth ages 15-24)",RO,Ratio,WB_GS,Gender Statistics,0,Units,A,Normal value,PU,Public,,,,,,,,,,1.00370001792908,,,,,,,,,,0.993539988994598,,,,,,,,,,0.990599989891052,,,,,,,,,,0.993900001049042,,,,0.992399990558624,0.997500002384186,0.99260002374649,0.995000004768372,0.995599985122681,0.999599993228912,,0.999800026416779,
A,Annual,PER,Peru,WB_GS_SE_ADT_1524_LT_FM_ZS,"Literacy rate, gender parity index (youth ages 15-24)",RO,Ratio,WB_GS,Gender Statistics,0,Units,A,Normal value,PU,Public,,,,,,,,,,,0.930069983005524,,,,,,,,,,,,0.967010021209717,,,,,,,0.969200015068054,0.978799998760223,0.982299983501434,0.983500003814697,0.979099988937378,0.987500011920929,0.986999988555908,0.988499999046326,0.992200016975403,0.991699993610382,0.994400024414062,0.995899975299835,0.999300003051758,0.999499976634979,0.996599972248077,0.995599985122681,0.996500015258789,0.996100008487701,0.999400019645691,1.00039994716644,0.998499989509583,1.00109994411469,
A,Annual,PHL,Philippines,WB_GS_SE_ADT_1524_LT_FM_ZS,"Literacy rate, gender parity index (youth ages 15-24)",RO,Ratio,WB_GS,Gender Statistics,0,Units,A,Normal value,PU,Public,,,,,,,,,,1.01520001888275,,,,,,,,,,1.00619995594025,,,,1.00484001636505,,,,,,1.01318001747131,,,1.03109002113342,,,,,1.01494002342224,,,,,1.0140700340271,,1.00364995002747,,,,1.01006996631622,,,
A,Annual,PLW,Palau,WB_GS_SE_ADT_1524_LT_FM_ZS,"Literacy rate, gender parity index (youth ages 15-24)",RO,Ratio,WB_GS,Gender Statistics,0,Units,A,Normal value,PU,Public,,,,,,,,,,1.00173997879028,,,,,,,,,,,,,,,,,,,,,,,,,,,,,,,,,1.00059998035431,,1.00933003425598,,,,,,,
A,Annual,PNG,Papua New Guinea,WB_GS_SE_ADT_1524_LT_FM_ZS,"Literacy rate, gender parity index (youth ages 15-24)",RO,Ratio,WB_GS,Gender Statistics,0,Units,A,Normal value,PU,Public,,,,,,,,,,,,,,,,,,,,,,,,,,,,,,0.926580011844635,,,,,,,,,,1.09565997123718,,,,,,,,,,,,
A,Annual,POL,Poland,WB_GS_SE_ADT_1524_LT_FM_ZS,"Literacy rate, gender parity index (youth ages 15-24)",RO,Ratio,WB_GS,Gender Statistics,0,Units,A,Normal value,PU,Public,,,,,,,,1.00037002563477,,,,,,,,,,1.0,,,,,,,,,,,,,,,,,,,,,,,,,,,,,,,,,1.00100004673004,
A,Annual,PRE,Pre-demographic dividend,WB_GS_SE_ADT_1524_LT_FM_ZS,"Literacy rate, gender parity index (youth ages 15-24)",RO,Ratio,WB_GS,Gender Statistics,0,Units,A,Normal value,PU,Public,,,,,,,,,,,,,,,,0.744180023670197,0.753530025482178,0.761940002441406,0.770980000495911,0.779560029506683,0.784179985523224,0.790050029754639,0.796540021896362,0.802919983863831,0.807089984416962,0.815310001373291,0.823469996452332,0.820100009441376,0.821389973163605,0.789680004119873,0.799380004405975,0.806509971618652,0.816100001335144,0.821770012378693,0.822539985179901,0.834240019321442,0.806490004062653,0.809430003166199,0.80401998758316,0.814670026302338,0.836359977722168,0.846499979496002,0.849829971790314,0.861660003662109,0.866069972515106,0.880490005016327,0.889249980449677,0.888059973716736,0.893060028553009,0.895919978618622,0.90065997838974,0.904929995536804
A,Annual,PRI,Puerto Rico,WB_GS_SE_ADT_1524_LT_FM_ZS,"Literacy rate, gender parity index (youth ages 15-24)",RO,Ratio,WB_GS,Gender Statistics,0,Units,A,Normal value,PU,Public,,,,,,,,,,1.01461005210876,,,,,,,,,,1.02005994319916,,,,,,,,,,,,,,,,,,,,1.00039994716644,,,,,,,1.0,,,,1.0,
A,Annual,PRK,"Korea, Dem. People's Rep.",WB_GS_SE_ADT_1524_LT_FM_ZS,"Literacy rate, gender parity index (youth ages 15-24)",RO,Ratio,WB_GS,Gender Statistics,0,Units,A,Normal value,PU,Public,,,,,,,,,,,,,,,,,,,,,,,,,,,,,,,,,,,,,,1.0,,,,,,,,,,1.0,,,,
A,Annual,PRT,Portugal,WB_GS_SE_ADT_1524_LT_FM_ZS,"Literacy rate, gender parity index (youth ages 15-24)",RO,Ratio,WB_GS,Gender Statistics,0,Units,A,Normal value,PU,Public,,,,,,,,,,,1.00567996501923,,,,,,,,,,1.00116002559662,,,,,,,,,,,,,,,,,,,,1.00088000297546,,,,,,,,,,1.00069999694824,
A,Annual,PRY,Paraguay,WB_GS_SE_ADT_1524_LT_FM_ZS,"Literacy rate, gender parity index (youth ages 15-24)",RO,Ratio,WB_GS,Gender Statistics,0,Units,A,Normal value,PU,Public,,,,,,,,,,,,0.986999988555908,,,,,,,,,,0.994830012321472,,,,,,,,,0.999300003051758,0.99779999256134,1.00160002708435,0.999400019645691,1.00499999523163,0.995500028133392,1.00150001049042,1.00600004196167,1.00919997692108,1.00150001049042,1.00419998168945,0.998499989509583,1.00600004196167,0.994899988174438,1.00629997253418,1.00520002841949,1.01279997825623,1.01150000095367,1.00650000572205,1.0003000497818,1.01189994812012,
A,Annual,PSE,West Bank and Gaza,WB_GS_SE_ADT_1524_LT_FM_ZS,"Literacy rate, gender parity index (youth ages 15-24)",RO,Ratio,WB_GS,Gender Statistics,0,Units,A,Normal value,PU,Public,,,,,,,,,,,,,,,,,,,,,,,,,,,1.00277996063232,,,,,,,0.998579978942871,,1.00108003616333,0.998499989509583,0.997699975967407,0.999909996986389,1.00048995018005,1.00104999542236,0.998839974403381,0.998549997806549,0.999090015888214,0.998629987239838,0.998579978942871,1.00116002559662,1.00091004371643,0.999260008335114,1.13256847858429,,
A,Annual,QAT,Qatar,WB_GS_SE_ADT_1524_LT_FM_ZS,"Literacy rate, gender parity index (youth ages 15-24)",RO,Ratio,WB_GS,Gender Statistics,0,Units,A,Normal value,PU,Public,,,,,,,,,,,,,,,,1.029629945755,,,,,,,,,,,1.01760005950928,,,,,,,1.02720999717712,,,0.998690009117126,1.01617002487183,1.00250005722046,1.01971995830536,1.01182997226715,1.011510014534,1.00515997409821,1.01270997524261,,,,,,,,
A,Annual,ROU,Romania,WB_GS_SE_ADT_1524_LT_FM_ZS,"Literacy rate, gender parity index (youth ages 15-24)",RO,Ratio,WB_GS,Gender Statistics,0,Units,A,Normal value,PU,Public,,,,,,,,,,,,,,,,,,,,,,0.998510003089905,,,,,,,,,,1.00036001205444,,,,,,,,,0.999620020389557,,,,,,,,,,1.0,
A,Annual,RUS,Russian Federation,WB_GS_SE_ADT_1524_LT_FM_ZS,"Literacy rate, gender parity index (youth ages 15-24)",RO,Ratio,WB_GS,Gender Statistics,0,Units,A,Normal value,PU,Public,,,,,,,,,,,,,,,,,,,1.00058996677399,,,,,,,,,,,,,1.00092005729675,,,,,,,,1.00094997882843,,,,,,,,,,,1.00018000602722,
A,Annual,RWA,Rwanda,WB_GS_SE_ADT_1524_LT_FM_ZS,"Literacy rate, gender parity index (youth ages 15-24)",RO,Ratio,WB_GS,Gender Statistics,0,Units,A,Normal value,PU,Public,,,,,,,,0.749149978160858,,,,,,,,,,,,,,,,,,,,,,0.978860020637512,,,,,0.937981307506561,,,,,1.01684999465942,,,,1.02838003635406,1.01726150512695,,,1.04718005657196,,1.00657963752747,1.07641005516052,
A,Annual,SAS,South Asia,WB_GS_SE_ADT_1524_LT_FM_ZS,"Literacy rate, gender parity index (youth ages 15-24)",RO,Ratio,WB_GS,Gender Statistics,0,Units,A,Normal value,PU,Public,,,,,0.534839987754822,0.534650027751923,0.548389971256256,0.562820017337799,0.577920019626617,0.592379987239838,0.605080008506775,0.622049987316132,0.638130009174347,0.65473997592926,0.670719981193542,0.68629002571106,0.70006000995636,0.636189997196198,0.652740001678467,0.669040024280548,0.680519998073578,0.692099988460541,0.699000000953674,0.715089976787567,0.730509996414185,0.745090007781982,0.757269978523254,0.751330018043518,0.768980026245117,0.785799980163574,0.799719989299774,0.817780017852783,0.822049975395203,0.837589979171753,0.822700023651123,0.848770022392273,0.864629983901978,0.877629995346069,0.889720022678375,0.891049981117249,0.903469979763031,0.911090016365051,0.919950008392334,0.929610013961792,0.940509974956512,0.948589980602264,0.951030015945435,0.949150025844574,0.947210013866425,0.952700018882751,0.957629978656769,0.962499976158142
A,Annual,SAU,Saudi Arabia,WB_GS_SE_ADT_1524_LT_FM_ZS,"Literacy rate, gender parity index (youth ages 15-24)",RO,Ratio,WB_GS,Gender Statistics,0,Units,A,Normal value,PU,Public,,,,,,,,,,,,,,,,,,,,,,0.862820029258728,,,,,,,,0.955529987812042,,,,0.976509988307953,,,,,,,,,0.998350024223328,,,,0.99958997964859,,,0.999019980430603,,
A,Annual,SDN,Sudan,WB_GS_SE_ADT_1524_LT_FM_ZS,"Literacy rate, gender parity index (youth ages 15-24)",RO,Ratio,WB_GS,Gender Statistics,0,Units,A,Normal value,PU,Public,,,,,,,,,,,,,,,,,,,,,,,,,,,,,,0.844060003757477,,,,,,,,0.913339972496033,,,,,,,,,,1.01333999633789,,,,
A,Annual,SEN,Senegal,WB_GS_SE_ADT_1524_LT_FM_ZS,"Literacy rate, gender parity index (youth ages 15-24)",RO,Ratio,WB_GS,Gender Statistics,0,Units,A,Normal value,PU,Public,,,,,,,,,,,,,,,,,,0.570659995079041,,,,,,,,,,,,,,0.70048999786377,,,0.592199206352234,0.766279995441437,,,0.753340005874634,,0.796779990196228,,0.814189970493317,0.804728031158447,,,0.840250015258789,,0.856802582740784,,,0.928529977798462
A,Annual,SGP,Singapore,WB_GS_SE_ADT_1524_LT_FM_ZS,"Literacy rate, gender parity index (youth ages 15-24)",RO,Ratio,WB_GS,Gender Statistics,0,Units,A,Normal value,PU,Public,,,,,,,,,,0.997409999370575,,,,,,,,,,1.00231003761292,,,,,,,,,,1.00195002555847,,,,,,,,,,1.00029003620148,0.999870002269745,0.999960005283356,1.00004994869232,1.00006997585297,1.00102996826172,1.00027000904083,1.00019001960754,1.00024998188019,1.00029003620148,1.0011899471283,,
A,Annual,SLE,Sierra Leone,WB_GS_SE_ADT_1524_LT_FM_ZS,"Literacy rate, gender parity index (youth ages 15-24)",RO,Ratio,WB_GS,Gender Statistics,0,Units,A,Normal value,PU,Public,,,,,,,,,,,,,,,,,,,,,,,,,,,,,,,,,,0.626649975776672,,,,0.56129378080368,,,,,0.788110017776489,,,,,,0.81524384021759,,,0.952409982681274
A,Annual,SLV,El Salvador,WB_GS_SE_ADT_1524_LT_FM_ZS,"Literacy rate, gender parity index (youth ages 15-24)",RO,Ratio,WB_GS,Gender Statistics,0,Units,A,Normal value,PU,Public,,,,,,,,,,,,,,,,,,,,,,1.00003004074097,,,,,,,,1.00419998168945,1.00090003013611,1.00689995288849,1.00059998035431,1.00279998779297,1.00020003318787,1.0110000371933,1.00619995594025,1.01118004322052,1.00969994068146,1.00750005245209,1.00820004940033,1.00859999656677,1.00559997558594,1.00899994373322,1.00989997386932,1.00569999217987,1.00360000133514,1.0048999786377,1.00720000267029,1.00419998168945,,
A,Annual,SOM,Somalia,WB_GS_SE_ADT_1524_LT_FM_ZS,"Literacy rate, gender parity index (youth ages 15-24)",RO,Ratio,WB_GS,Gender Statistics,0,Units,A,Normal value,PU,Public,,0.658689975738525,,,,,,,,,,,,,,,,,,,,,,,,,,,,,,,,,,,,,,,,,,,,,,,,,,0.8473100066185
A,Annual,SRB,Serbia,WB_GS_SE_ADT_1524_LT_FM_ZS,"Literacy rate, gender parity index (youth ages 15-24)",RO,Ratio,WB_GS,Gender Statistics,0,Units,A,Normal value,PU,Public,,,,,,,,,,,,,,,,,,,,,,,,,,,,,,,,,0.999230027198792,,,,,,,,0.999239981174469,,,,,1.00009000301361,,,1.0,,,
A,Annual,SSA,Sub-Saharan Africa (excluding high income),WB_GS_SE_ADT_1524_LT_FM_ZS,"Literacy rate, gender parity index (youth ages 15-24)",RO,Ratio,WB_GS,Gender Statistics,0,Units,A,Normal value,PU,Public,,,,,,,,,,,,,,,0.769680023193359,0.776400029659271,0.783810019493103,0.790690004825592,0.797259986400604,0.805830001831055,0.811299979686737,0.817380011081696,0.825770020484924,0.833809971809387,0.838500022888184,0.848309993743896,0.85834002494812,0.857999980449677,0.861310005187988,0.837939977645874,0.848129987716675,0.827560007572174,0.837279975414276,0.84375,0.844649970531464,0.855199992656708,0.8403400182724,0.844120025634766,0.846180021762848,0.855830013751984,0.874490022659302,0.881789982318878,0.887440025806427,0.894840002059937,0.901700019836426,0.910889983177185,0.918429970741272,0.925440013408661,0.928610026836395,0.930260002613068,0.934000015258789,0.936770021915436
A,Annual,SSD,South Sudan,WB_GS_SE_ADT_1524_LT_FM_ZS,"Literacy rate, gender parity index (youth ages 15-24)",RO,Ratio,WB_GS,Gender Statistics,0,Units,A,Normal value,PU,Public,,,,,,,,,,,,,,,,,,,,,,,,,,,,,,,,,,,,,,0.67101001739502,,,,,,,,,,0.978190004825592,,,,
A,Annual,SSF,Sub-Saharan Africa,WB_GS_SE_ADT_1524_LT_FM_ZS,"Literacy rate, gender parity index (youth ages 15-24)",RO,Ratio,WB_GS,Gender Statistics,0,Units,A,Normal value,PU,Public,,,,,,,,,,,,,,,0.769739985466003,0.776459991931915,0.78386002779007,0.790740013122559,0.797309994697571,0.805869996547699,0.811339974403381,0.81742000579834,0.825800001621246,0.833840012550354,0.838530004024506,0.848330020904541,0.858370006084442,0.858020007610321,0.861329972743988,0.837960004806519,0.848150014877319,0.827579975128174,0.837300002574921,0.843760013580322,0.844669997692108,0.85521000623703,0.840349972248077,0.844139993190765,0.846199989318848,0.855840027332306,0.874499976634979,0.8817999958992,0.887449979782104,0.894850015640259,0.901709973812103,0.910889983177185,0.918429970741272,0.925440013408661,0.928619980812073,0.93027001619339,0.934000015258789,0.936770021915436
A,Annual,SST,Small states,WB_GS_SE_ADT_1524_LT_FM_ZS,"Literacy rate, gender parity index (youth ages 15-24)",RO,Ratio,WB_GS,Gender Statistics,0,Units,A,Normal value,PU,Public,,,,,,,,,,,,,,,,,,0.986140012741089,0.986679971218109,0.986379981040955,0.986689984798431,0.986710011959076,0.986970007419586,0.987909972667694,0.986989974975586,0.986829996109009,0.986980020999908,0.984200000762939,0.985069990158081,0.987030029296875,0.988789975643158,0.991129994392395,0.992630004882812,0.994690001010895,0.996249973773956,0.999499976634979,1.00347995758057,1.00552999973297,1.00125002861023,0.994799971580505,0.9964200258255,0.996710002422333,0.997009992599487,0.99879002571106,1.00130999088287,1.00399005413055,1.00621998310089,1.00864005088806,1.0113799571991,1.01471996307373,1.01848995685577,1.02198994159699
A,Annual,STP,Sao Tome and Principe,WB_GS_SE_ADT_1524_LT_FM_ZS,"Literacy rate, gender parity index (youth ages 15-24)",RO,Ratio,WB_GS,Gender Statistics,0,Units,A,Normal value,PU,Public,,,,,,,,,,,0.815429985523224,,,,,,,,,,0.958710014820099,,,,,,,,,,0.988319993019104,,,,,,,0.931140005588531,,,,0.992070019245148,,,,,,,1.09689700603485,,,1.00416994094849
A,Annual,SUR,Suriname,WB_GS_SE_ADT_1524_LT_FM_ZS,"Literacy rate, gender parity index (youth ages 15-24)",RO,Ratio,WB_GS,Gender Statistics,0,Units,A,Normal value,PU,Public,,,,,,,,,,,,,,,,,,,,,,,,,,,,,,,,,,0.984549999237061,,,,1.00083994865417,,1.00838994979858,,0.991580009460449,,,,,,,,,0.995959997177124,
A,Annual,SVN,Slovenia,WB_GS_SE_ADT_1524_LT_FM_ZS,"Literacy rate, gender parity index (youth ages 15-24)",RO,Ratio,WB_GS,Gender Statistics,0,Units,A,Normal value,PU,Public,,,,,,,,,,,,,,,,,,,,,1.00041997432709,,,,,,,,,,1.00100004673004,,,,,,,,,,,,,,,,,,,,,
A,Annual,SWZ,Eswatini,WB_GS_SE_ADT_1524_LT_FM_ZS,"Literacy rate, gender parity index (youth ages 15-24)",RO,Ratio,WB_GS,Gender Statistics,0,Units,A,Normal value,PU,Public,,,,,,0.985499978065491,,,,,,,,,,1.01436996459961,,,,,,,,,,,,,,1.02419996261597,,,,,,1.05097246170044,,,,1.0270299911499,,,,,,,,,,1.02390003204346,,
A,Annual,SYC,Seychelles,WB_GS_SE_ADT_1524_LT_FM_ZS,"Literacy rate, gender parity index (youth ages 15-24)",RO,Ratio,WB_GS,Gender Statistics,0,Units,A,Normal value,PU,Public,,,,,,,,,,,,,,,,,1.01682996749878,,,,,,,1.00650000572205,,,,,,,,1.00608003139496,,,,,,,,1.00801002979279,,,,,,,,,,1.0110399723053,,
A,Annual,SYR,Syrian Arab Republic,WB_GS_SE_ADT_1524_LT_FM_ZS,"Literacy rate, gender parity index (youth ages 15-24)",RO,Ratio,WB_GS,Gender Statistics,0,Units,A,Normal value,PU,Public,,,,,,,,,,,0.664370000362396,,,,,,,,,,,,,,,,,,,,,0.956969976425171,,0.953610002994537,,,,,,,,,,0.982460021972656,,,,,,,,
A,Annual,TCD,Chad,WB_GS_SE_ADT_1524_LT_FM_ZS,"Literacy rate, gender parity index (youth ages 15-24)",RO,Ratio,WB_GS,Gender Statistics,0,Units,A,Normal value,PU,Public,,,,,,,,,,,,,,,,,,,,,,,0.340840011835098,,,,,,,0.417259991168976,,,,0.573000013828278,,,,,,,,,,,0.501460015773773,0.550149977207184,,,0.397658288478851,,,0.740279972553253
A,Annual,TEA,East Asia & Pacific (IDA & IBRD),WB_GS_SE_ADT_1524_LT_FM_ZS,"Literacy rate, gender parity index (youth ages 15-24)",RO,Ratio,WB_GS,Gender Statistics,0,Units,A,Normal value,PU,Public,,,,,,0.802969992160797,0.80580997467041,0.82260000705719,0.840330004692078,0.857819974422455,0.873279988765717,0.886770009994507,0.897300004959106,0.906849980354309,0.914200007915497,0.920419991016388,0.926819980144501,0.944980025291443,0.948870003223419,0.952220022678375,0.955810010433197,0.958999991416931,0.961709976196289,0.964959979057312,0.968119978904724,0.970709979534149,0.989690005779266,0.990760028362274,0.99210000038147,0.991789996623993,0.992919981479645,0.993770003318787,0.995299994945526,0.995800018310547,0.996550023555756,0.9964200258255,0.997160017490387,0.998250007629395,0.998709976673126,0.998989999294281,0.998839974403381,0.999010026454926,0.999639987945557,1.00010001659393,0.999480009078979,0.999679982662201,0.999909996986389,1.00065994262695,1.00117003917694,1.00134003162384,1.00146996974945,1.00162005424499
A,Annual,TEC,Europe & Central Asia (IDA & IBRD),WB_GS_SE_ADT_1524_LT_FM_ZS,"Literacy rate, gender parity index (youth ages 15-24)",RO,Ratio,WB_GS,Gender Statistics,0,Units,A,Normal value,PU,Public,,,,,,,,,,,,,0.981220006942749,0.985520005226135,0.985830008983612,0.986530005931854,0.987299978733063,0.988150000572205,0.985050022602081,0.986370027065277,0.987100005149841,0.988009989261627,0.988829970359802,0.989889979362488,0.990689992904663,0.991439998149872,0.992179989814758,0.992829978466034,0.993539988994598,0.991110026836395,0.991509974002838,0.991909980773926,0.99234002828598,0.992709994316101,0.993269979953766,0.993570029735565,0.99345999956131,0.993659973144531,0.995980024337769,0.996580004692078,0.997420012950897,0.997910022735596,0.998340010643005,0.998579978942871,0.998870015144348,0.999220013618469,0.99958997964859,0.999610006809235,0.999920010566711,1.00004005432129,1.00014996528626,1.0001699924469
A,Annual,TGO,Togo,WB_GS_SE_ADT_1524_LT_FM_ZS,"Literacy rate, gender parity index (youth ages 15-24)",RO,Ratio,WB_GS,Gender Statistics,0,Units,A,Normal value,PU,Public,,,,,,,,,,,,,,,,,,,,,,,,,,,,,,0.758539974689484,,,,,,0.800459980964661,,,0.850820004940033,,0.836530029773712,,,0.763796448707581,0.873969972133636,,,,0.912280023097992,,,
A,Annual,THA,Thailand,WB_GS_SE_ADT_1524_LT_FM_ZS,"Literacy rate, gender parity index (youth ages 15-24)",RO,Ratio,WB_GS,Gender Statistics,0,Units,A,Normal value,PU,Public,,,,,,,,,,0.98566997051239,,,,,,,,,,,,,,,,,,,,0.997430026531219,,,,,0.996559977531433,,,,,0.999059975147247,,,1.00686001777649,,1.00294995307922,,,1.00916004180908,,,1.00706005096436,
A,Annual,TJK,Tajikistan,WB_GS_SE_ADT_1524_LT_FM_ZS,"Literacy rate, gender parity index (youth ages 15-24)",RO,Ratio,WB_GS,Gender Statistics,0,Units,A,Normal value,PU,Public,,,,,,,,,,,,,,,,,,,0.999350011348724,,,,,,,,,,,1.00004994869232,,,,,,,,,,1.0,,,,,,,0.977400004863739,,,,,
A,Annual,TKM,Turkmenistan,WB_GS_SE_ADT_1524_LT_FM_ZS,"Literacy rate, gender parity index (youth ages 15-24)",RO,Ratio,WB_GS,Gender Statistics,0,Units,A,Normal value,PU,Public,,,,,,,,,,,,,,,,,,,,,,,,,1.00004994869232,,,,,,,,,,1.00100004673004,,,,,,,,,,,,,,,,,
A,Annual,TLA,Latin America & Caribbean (IDA & IBRD),WB_GS_SE_ADT_1524_LT_FM_ZS,"Literacy rate, gender parity index (youth ages 15-24)",RO,Ratio,WB_GS,Gender Statistics,0,Units,A,Normal value,PU,Public,,,,0.978349983692169,0.978649973869324,0.982089996337891,0.986360013484955,0.991060018539429,0.995549976825714,0.999890029430389,1.00399005413055,1.00799000263214,1.01195001602173,1.01561999320984,1.01909005641937,1.02210998535156,1.0222100019455,1.02383995056152,1.02654004096985,1.02929997444153,1.02620995044708,1.02309000492096,1.01954996585846,1.01604998111725,1.01242995262146,1.01204001903534,1.01067996025085,1.01017999649048,1.01061999797821,1.01092004776001,1.01057994365692,1.00925004482269,1.00725996494293,1.00847005844116,1.00847005844116,1.00466001033783,1.00537002086639,1.00505995750427,1.00436997413635,1.00662004947662,1.00585997104645,1.00514996051788,1.00504994392395,1.00433003902435,1.00435996055603,1.00437998771668,1.00379002094269,1.00358998775482,1.00353002548218,1.00356996059418,1.00370001792908,1.0035400390625
A,Annual,TLS,Timor-Leste,WB_GS_SE_ADT_1524_LT_FM_ZS,"Literacy rate, gender parity index (youth ages 15-24)",RO,Ratio,WB_GS,Gender Statistics,0,Units,A,Normal value,PU,Public,,,,,,,,,,,,,,,,,,,,,,,,,,,,,,,,,,,,,,,0.959426939487457,0.97613000869751,,,,,,,,,,1.03348994255066,,
A,Annual,TMN,Middle East & North Africa (IDA & IBRD),WB_GS_SE_ADT_1524_LT_FM_ZS,"Literacy rate, gender parity index (youth ages 15-24)",RO,Ratio,WB_GS,Gender Statistics,0,Units,A,Normal value,PU,Public,,0.585399985313416,0.593410015106201,0.601270020008087,0.609669983386993,0.617460012435913,0.63033002614975,0.641730010509491,0.650990009307861,0.663689970970154,0.676660001277924,0.688639998435974,0.694419980049133,0.710739970207214,0.726199984550476,0.74084997177124,0.75382000207901,0.766789972782135,0.779250025749207,0.800260007381439,0.809580028057098,0.820020020008087,0.811219990253448,0.822059988975525,0.838590025901794,0.850199997425079,0.860769987106323,0.868120014667511,0.878660023212433,0.887979984283447,0.896470010280609,0.905830025672913,0.892250001430511,0.900420010089874,0.90600997209549,0.922349989414215,0.927330017089844,0.931100010871887,0.922339975833893,0.925069987773895,0.923340022563934,0.932860016822815,0.938560009002686,0.946129977703094,0.943400025367737,0.947539985179901,0.952589988708496,0.945840001106262,0.947539985179901,0.94897997379303,0.950330018997192,0.951550006866455
A,Annual,TON,Tonga,WB_GS_SE_ADT_1524_LT_FM_ZS,"Literacy rate, gender parity index (youth ages 15-24)",RO,Ratio,WB_GS,Gender Statistics,0,Units,A,Normal value,PU,Public,,,,,,0.999549984931946,,,,,,,,,,,,,,,,,,,,1.00090003013611,,,,,,,,,,1.00253999233246,,,,,1.00144994258881,,,,,,,,,,1.00200998783112,
A,Annual,TSA,South Asia (IDA & IBRD),WB_GS_SE_ADT_1524_LT_FM_ZS,"Literacy rate, gender parity index (youth ages 15-24)",RO,Ratio,WB_GS,Gender Statistics,0,Units,A,Normal value,PU,Public,,,,,0.534839987754822,0.534650027751923,0.548389971256256,0.562820017337799,0.577920019626617,0.592379987239838,0.605080008506775,0.622049987316132,0.638130009174347,0.65473997592926,0.670719981193542,0.68629002571106,0.70006000995636,0.636189997196198,0.652740001678467,0.669040024280548,0.680519998073578,0.692099988460541,0.699000000953674,0.715089976787567,0.730509996414185,0.745090007781982,0.757269978523254,0.751330018043518,0.768980026245117,0.785799980163574,0.799719989299774,0.817780017852783,0.822049975395203,0.837589979171753,0.822700023651123,0.848770022392273,0.864629983901978,0.877629995346069,0.889720022678375,0.891049981117249,0.903469979763031,0.911090016365051,0.919950008392334,0.929610013961792,0.940509974956512,0.948589980602264,0.951030015945435,0.949150025844574,0.947210013866425,0.952700018882751,0.957629978656769,0.962499976158142
A,Annual,TSS,Sub-Saharan Africa (IDA & IBRD),WB_GS_SE_ADT_1524_LT_FM_ZS,"Literacy rate, gender parity index (youth ages 15-24)",RO,Ratio,WB_GS,Gender Statistics,0,Units,A,Normal value,PU,Public,,,,,,,,,,,,,,,0.769739985466003,0.776459991931915,0.78386002779007,0.790740013122559,0.797309994697571,0.805869996547699,0.811339974403381,0.81742000579834,0.825800001621246,0.833840012550354,0.838530004024506,0.848330020904541,0.858370006084442,0.858020007610321,0.861329972743988,0.837960004806519,0.848150014877319,0.827579975128174,0.837300002574921,0.843760013580322,0.844669997692108,0.85521000623703,0.840349972248077,0.844139993190765,0.846199989318848,0.855840027332306,0.874499976634979,0.8817999958992,0.887449979782104,0.894850015640259,0.901709973812103,0.910889983177185,0.918429970741272,0.925440013408661,0.928619980812073,0.93027001619339,0.934000015258789,0.936770021915436
A,Annual,TTO,Trinidad and Tobago,WB_GS_SE_ADT_1524_LT_FM_ZS,"Literacy rate, gender parity index (youth ages 15-24)",RO,Ratio,WB_GS,Gender Statistics,0,Units,A,Normal value,PU,Public,,,,,,,,,,1.00048995018005,,,,,,,,,,1.0,,,,,,,,,,0.999599993228912,,,,,,,,,,,,,,,,,,,,,,
A,Annual,TUN,Tunisia,WB_GS_SE_ADT_1524_LT_FM_ZS,"Literacy rate, gender parity index (youth ages 15-24)",RO,Ratio,WB_GS,Gender Statistics,0,Units,A,Normal value,PU,Public,,,,,,,,,,,,,,0.729179978370667,,,,,,,,,,,,,,,,,,,,0.956900000572205,,,0.968159973621368,0.973060011863708,,0.97843998670578,0.98047000169754,0.976999998092651,,0.991609990596771,,,,1.0470358133316,,,,1.00153005123138
A,Annual,TUR,Turkiye,WB_GS_SE_ADT_1524_LT_FM_ZS,"Literacy rate, gender parity index (youth ages 15-24)",RO,Ratio,WB_GS,Gender Statistics,0,Units,A,Normal value,PU,Public,,,,,0.752070009708405,,,,,0.803640007972717,,,,,0.898379981517792,,,,,0.915239989757538,,,,,,,,,,,,,,0.951749980449677,0.95525997877121,0.956830024719238,0.956430017948151,,0.975269973278046,0.979669988155365,0.984809994697571,0.988170027732849,0.990499973297119,0.992020010948181,0.993600010871887,0.995109975337982,0.996779978275299,,0.998830020427704,,,
A,Annual,TZA,Tanzania,WB_GS_SE_ADT_1524_LT_FM_ZS,"Literacy rate, gender parity index (youth ages 15-24)",RO,Ratio,WB_GS,Gender Statistics,0,Units,A,Normal value,PU,Public,,,,,,,,,,,,,,,,,,0.90327000617981,,,,,,,,,,,,,,0.94173002243042,,,,,,,,0.951370000839233,,0.973309993743896,,,0.972739994525909,,,,,,,1.01693999767303
A,Annual,UGA,Uganda,WB_GS_SE_ADT_1524_LT_FM_ZS,"Literacy rate, gender parity index (youth ages 15-24)",RO,Ratio,WB_GS,Gender Statistics,0,Units,A,Normal value,PU,Public,,,,,,,,,,,,,,,,,,,,,0.817409992218018,,,,,,,,,,,0.886240005493164,,,,0.929679989814758,,,,0.953549981117249,,0.952130019664764,,,,,,1.01249003410339,,,,1.02558994293213
A,Annual,UKR,Ukraine,WB_GS_SE_ADT_1524_LT_FM_ZS,"Literacy rate, gender parity index (youth ages 15-24)",RO,Ratio,WB_GS,Gender Statistics,0,Units,A,Normal value,PU,Public,,,,,,,,,,,,,,,,,,,,,,,,,,,,,,,1.00057995319366,,,,,,,,,,,1.00025999546051,,,,,,,,,1.00199997425079,
A,Annual,UMC,Upper middle income,WB_GS_SE_ADT_1524_LT_FM_ZS,"Literacy rate, gender parity index (youth ages 15-24)",RO,Ratio,WB_GS,Gender Statistics,0,Units,A,Normal value,PU,Public,,,,,,0.8473299741745,0.851220011711121,0.864319980144501,0.876500010490417,0.889919996261597,0.901889979839325,0.912460029125214,0.921019971370697,0.929120004177094,0.934679985046387,0.939710021018982,0.944480001926422,0.959230005741119,0.96246999502182,0.965870022773743,0.968450009822845,0.970669984817505,0.972599983215332,0.974759995937347,0.976750016212463,0.979460000991821,0.993629992008209,0.994579970836639,0.995559990406036,0.99533998966217,0.995890021324158,0.996140003204346,0.996240019798279,0.996879994869232,0.997330009937286,0.996689975261688,0.997870028018951,0.998409986495972,0.998080015182495,0.998549997806549,0.99864000082016,0.998969972133636,0.998960018157959,0.999369978904724,0.998669981956482,0.999629974365234,1.00074005126953,0.99905002117157,0.998979985713959,0.999000012874603,0.999210000038147,0.999249994754791
A,Annual,URY,Uruguay,WB_GS_SE_ADT_1524_LT_FM_ZS,"Literacy rate, gender parity index (youth ages 15-24)",RO,Ratio,WB_GS,Gender Statistics,0,Units,A,Normal value,PU,Public,,,,,1.01108002662659,,,,,,,,,,1.00739002227783,,,,,,,,,,,1.00873005390167,,,,,,,,,,1.0081000328064,1.00536000728607,1.00680005550385,1.00670003890991,1.00820004940033,1.00520002841949,1.00670003890991,1.00759994983673,1.01090002059937,1.0058000087738,1.00559997558594,1.00759994983673,1.00590002536774,1.0058000087738,,1.00069999694824,
A,Annual,UZB,Uzbekistan,WB_GS_SE_ADT_1524_LT_FM_ZS,"Literacy rate, gender parity index (youth ages 15-24)",RO,Ratio,WB_GS,Gender Statistics,0,Units,A,Normal value,PU,Public,,,,,,,,,,,,,,,,,,,,,,,,,,,,,,1.00040996074677,,,,,,,,,,,,,1.0,1.0,1.0,1.0,,1.0,1.0,,1.0,1.0
A,Annual,VCT,St. Vincent and the Grenadines,WB_GS_SE_ADT_1524_LT_FM_ZS,"Literacy rate, gender parity index (youth ages 15-24)",RO,Ratio,WB_GS,Gender Statistics,0,Units,A,Normal value,PU,Public,1.00074005126953,,,,,,,,,1.00303995609283,,,,,,,,,,,,,,,,,,,,,,,,,,,,,,,,,,,,,,,,,,
A,Annual,VEN,"Venezuela, RB",WB_GS_SE_ADT_1524_LT_FM_ZS,"Literacy rate, gender parity index (youth ages 15-24)",RO,Ratio,WB_GS,Gender Statistics,0,Units,A,Normal value,PU,Public,,,,,,,,,,,1.01656997203827,,,,,,,,,1.01908004283905,,,,,,,,,,1.0135999917984,1.01289999485016,1.01150000095367,1.01300001144409,1.00969994068146,1.00919997692108,1.00999999046326,1.00880002975464,1.00820004940033,1.00539994239807,1.00730001926422,1.00680005550385,1.00530004501343,1.00419998168945,1.0058000087738,1.0061000585556,1.00656998157501,,,,,,1.00725996494293
A,Annual,VNM,Viet Nam,WB_GS_SE_ADT_1524_LT_FM_ZS,"Literacy rate, gender parity index (youth ages 15-24)",RO,Ratio,WB_GS,Gender Statistics,0,Units,A,Normal value,PU,Public,,,,,,,,,0.978299975395203,,,,,,,,,,0.99277001619339,,,,,,,,,,0.995119988918304,0.983969986438751,,,,,,,,,0.993690013885498,,,,,,,,,,0.998269975185394,,,
A,Annual,VUT,Vanuatu,WB_GS_SE_ADT_1524_LT_FM_ZS,"Literacy rate, gender parity index (youth ages 15-24)",RO,Ratio,WB_GS,Gender Statistics,0,Units,A,Normal value,PU,Public,,,,,,,,,0.893060028553009,,,,,0.930840015411377,,,,,,,,,,0.976589977741241,,,,,,,,,,0.998589992523193,,,,,,,,,,1.0053299665451,,,,,,,1.00617003440857,
A,Annual,WLD,World,WB_GS_SE_ADT_1524_LT_FM_ZS,"Literacy rate, gender parity index (youth ages 15-24)",RO,Ratio,WB_GS,Gender Statistics,0,Units,A,Normal value,PU,Public,,,,,0.828130006790161,0.829219996929169,0.832180023193359,0.839980006217957,0.847869992256165,0.85631000995636,0.863879978656769,0.871309995651245,0.877349972724915,0.884280025959015,0.890009999275208,0.895240008831024,0.900219976902008,0.895900011062622,0.899110019207001,0.903159976005554,0.905399978160858,0.907440006732941,0.907689988613129,0.911050021648407,0.914370000362396,0.917900025844574,0.926699995994568,0.923089981079102,0.926819980144501,0.927250027656555,0.931330025196075,0.933019995689392,0.9339399933815,0.938239991664886,0.934539973735809,0.94216001033783,0.944249987602234,0.947290003299713,0.949329972267151,0.950119972229004,0.954530000686646,0.957000017166138,0.959609985351562,0.962930023670197,0.96577000617981,0.968819975852966,0.97036999464035,0.970290005207062,0.96969997882843,0.971260011196136,0.973010003566742,0.974680006504059
A,Annual,WSM,Samoa,WB_GS_SE_ADT_1524_LT_FM_ZS,"Literacy rate, gender parity index (youth ages 15-24)",RO,Ratio,WB_GS,Gender Statistics,0,Units,A,Normal value,PU,Public,,,,,,,,,,,,,,,,,,,,,0.998279988765717,,,,,,,,,,,,,,,,,,,,1.00431001186371,,,,,,,,1.01531171798706,,1.00603997707367,
A,Annual,YEM,"Yemen, Rep.",WB_GS_SE_ADT_1524_LT_FM_ZS,"Literacy rate, gender parity index (youth ages 15-24)",RO,Ratio,WB_GS,Gender Statistics,0,Units,A,Normal value,PU,Public,,,,,,,,,,,,,,,,,,,,,,,,0.427249997854233,,,,,,,,,,0.6526700258255,,,,,,,,,,,,,,,,,,
A,Annual,ZAF,South Africa,WB_GS_SE_ADT_1524_LT_FM_ZS,"Literacy rate, gender parity index (youth ages 15-24)",RO,Ratio,WB_GS,Gender Statistics,0,Units,A,Normal value,PU,Public,,,,,,,,,,0.995630025863647,,,,,,,,,,,,,,,,1.00838005542755,,,,,,,,,,,1.01066994667053,,1.00913000106812,1.00518000125885,1.00727999210358,1.0077999830246,,1.00406002998352,1.00548994541168,,1.03219997882843,,1.00853002071381,,1.0160299539566,
A,Annual,ZMB,Zambia,WB_GS_SE_ADT_1524_LT_FM_ZS,"Literacy rate, gender parity index (youth ages 15-24)",RO,Ratio,WB_GS,Gender Statistics,0,Units,A,Normal value,PU,Public,,,,,,,,,,,,,,,,,,,,0.974059998989105,,,,,,,,,0.912020027637482,,,0.853150010108948,,,,,0.831730008125305,,,0.948610007762909,,,,,,,,,,0.99251002073288,,
A,Annual,ZWE,Zimbabwe,WB_GS_SE_ADT_1524_LT_FM_ZS,"Literacy rate, gender parity index (youth ages 15-24)",RO,Ratio,WB_GS,Gender Statistics,0,Units,A,Normal value,PU,Public,,,,,,,,,,,,0.903919994831085,,,,,,,,,,0.97733998298645,,,,,,,,,,,,,,,,,,,1.02751004695892,,,1.06006002426147,,,,,1.11795163154602,,,1.08395004272461
